trial,market,strategy,return_pct,max_dd_pct,liquidated
1,spot,buy_and_hold,-12.573919431450165,26.970399505352425,False
1,spot,kelly_regime_v4,-15.176924727981788,19.06147480660208,False
1,spot,none x0.61,-13.230454718427232,22.939876441778615,False
1,spot,vote x1,-15.308476128716608,19.366256064596936,False
1,spot,evidence x7.83,-18.667471137547487,23.233770441756214,False
1,futures,buy_and_hold,-98.1954802135678,98.61101159776196,True
1,futures,kelly_regime_v4,-16.533953002904955,20.340132126896783,False
1,futures,none x0.48,-7.124847318570781,17.247352406370677,False
1,futures,vote x1,-14.02044536264685,17.343149527463954,False
1,futures,evidence x3.25,-18.045497844161396,28.179838067400816,False
2,spot,buy_and_hold,272.7129709010836,55.334450734740635,False
2,spot,kelly_regime_v4,232.9086619919741,24.917190817947894,False
2,spot,none x0.61,106.73008089688794,31.846731972096183,False
2,spot,vote x1,199.38983273066177,25.209689378449397,False
2,spot,evidence x7.83,146.4249077646234,37.48181622919778,False
2,futures,buy_and_hold,1361.7668348289837,63.75199213121617,False
2,futures,kelly_regime_v4,269.37731123839785,21.365962346314966,False
2,futures,none x0.48,96.90767458164531,21.59507875414512,False
2,futures,vote x1,251.11682657466622,24.427512241561203,False
2,futures,evidence x3.25,417.8877932123508,26.054134796357896,False
3,spot,buy_and_hold,49.13243774506333,31.54338786758614,False
3,spot,kelly_regime_v4,42.5057019681673,23.422286295316447,False
3,spot,none x0.61,16.651375426905712,27.63054443577344,False
3,spot,vote x1,36.97164456783957,22.31930845077408,False
3,spot,evidence x7.83,19.760956523811114,29.74227032983604,False
3,futures,buy_and_hold,-98.19548021356785,98.34113362493518,True
3,futures,kelly_regime_v4,48.866095056059834,23.901106592066085,False
3,futures,none x0.48,20.220535527430638,19.709174932697675,False
3,futures,vote x1,43.795224112330324,22.619585757088604,False
3,futures,evidence x3.25,11.46072964078555,28.22909150338016,False
4,spot,buy_and_hold,21.554496902480636,21.19939976302701,False
4,spot,kelly_regime_v4,20.278249276368697,13.962465779354824,False
4,spot,none x0.61,15.685789227280832,20.67115819244229,False
4,spot,vote x1,18.784493518006705,17.621966274589745,False
4,spot,evidence x7.83,12.197496891292815,13.43633012450957,False
4,futures,buy_and_hold,107.86003896508727,91.50839390179311,False
4,futures,kelly_regime_v4,24.910279924490595,17.000217657302784,False
4,futures,none x0.48,11.746734690521897,18.26055399248003,False
4,futures,vote x1,20.078061117270686,24.07436624285043,False
4,futures,evidence x3.25,8.560654486119024,12.841177876980304,False
5,spot,buy_and_hold,-20.47463812135273,50.780341890552094,False
5,spot,kelly_regime_v4,-11.422078875841567,20.60297190120694,False
5,spot,none x0.61,-17.657177508543864,27.83846830866682,False
5,spot,vote x1,-10.355586555879736,19.314693440152745,False
5,spot,evidence x7.83,-3.8915458933336033,5.31026092383437,False
5,futures,buy_and_hold,-98.19548021356782,98.35997392235075,True
5,futures,kelly_regime_v4,-11.82493119753194,22.494073430359478,False
5,futures,none x0.48,-8.88728141798123,18.30975426611216,False
5,futures,vote x1,-5.619889183227245,19.905844187398646,False
5,futures,evidence x3.25,-3.6278263523385923,4.581644102493492,False
6,spot,buy_and_hold,-11.393804425906339,52.3919058373149,False
6,spot,kelly_regime_v4,3.5946846594931525,27.82428648005782,False
6,spot,none x0.61,-3.8136102624502843,40.71218169907608,False
6,spot,vote x1,6.327899256501657,26.720316282334288,False
6,spot,evidence x7.83,-15.228107581373806,23.95859003085266,False
6,futures,buy_and_hold,-98.1954802135679,99.49461329314164,True
6,futures,kelly_regime_v4,6.5318637534641955,31.709747501087808,False
6,futures,none x0.48,-9.997264644240689,37.133867481051055,False
6,futures,vote x1,15.840864240721908,32.45055245446793,False
6,futures,evidence x3.25,-5.974117751686581,15.322325792178143,False
7,spot,buy_and_hold,135.1850336283186,32.54338689875929,False
7,spot,kelly_regime_v4,81.59002633173755,23.947310386702313,False
7,spot,none x0.61,84.25742039324781,27.632691914276954,False
7,spot,vote x1,81.14601528950296,24.965400772689733,False
7,spot,evidence x7.83,69.47627796692231,26.084214169774988,False
7,futures,buy_and_hold,675.1596404867256,67.02846971303074,False
7,futures,kelly_regime_v4,113.09224266972006,27.146655281807856,False
7,futures,none x0.48,79.73751620212985,21.24601998055319,False
7,futures,vote x1,128.04850259159184,31.682316002742166,False
7,futures,evidence x3.25,157.38075690792797,31.005563882459747,False
8,spot,buy_and_hold,277.4428794150987,32.54338718792242,False
8,spot,kelly_regime_v4,206.273301982712,23.47492415696687,False
8,spot,none x0.61,159.411675406391,27.63269191427697,False
8,spot,vote x1,198.00214520386285,24.4326348178695,False
8,spot,evidence x7.83,137.60586261965756,30.56643078966925,False
8,futures,buy_and_hold,1385.3808675753799,63.70727774090732,False
8,futures,kelly_regime_v4,268.21908541864275,23.7224158060273,False
8,futures,none x0.48,129.062889844039,21.24601998055318,False
8,futures,vote x1,289.953191964998,26.551581402805425,False
8,futures,evidence x3.25,252.83680239274125,31.132132008006085,False
9,spot,buy_and_hold,2.8917790903241203,68.49415295024983,False
9,spot,kelly_regime_v4,82.5594393474913,27.435000381583958,False
9,spot,none x0.61,17.67670592392909,43.98549305730358,False
9,spot,vote x1,68.54267942829557,32.09717089432581,False
9,spot,evidence x7.83,109.92364961374884,24.815492425431852,False
9,futures,buy_and_hold,-98.19548021356788,98.55722855303914,True
9,futures,kelly_regime_v4,119.80635163467679,24.393010197616814,False
9,futures,none x0.48,12.618108704877562,42.85128031437452,False
9,futures,vote x1,112.87786363848942,31.58790659962617,False
9,futures,evidence x3.25,184.43066253285303,26.628362924435855,False
10,spot,buy_and_hold,177.77779782153544,62.28304495925025,False
10,spot,kelly_regime_v4,200.98161486891786,24.483397352947474,False
10,spot,none x0.61,72.1515347963166,41.7049235813787,False
10,spot,vote x1,163.17594843125534,25.209689378449323,False
10,spot,evidence x7.83,143.0812725237388,37.88027620211983,False
10,futures,buy_and_hold,887.8036959558639,71.13479166856503,False
10,futures,kelly_regime_v4,239.17538029101465,21.508020520895876,False
10,futures,none x0.48,60.867774137041984,35.23929996306652,False
10,futures,vote x1,207.26287439574742,24.427512241561246,False
10,futures,evidence x3.25,372.37458205146083,26.043994087467254,False
11,spot,buy_and_hold,376.8178569801944,52.93209247405104,False
11,spot,kelly_regime_v4,251.65124453341085,21.834347668996745,False
11,spot,none x0.61,148.45046867077545,24.53255470572025,False
11,spot,vote x1,201.9699332707364,21.82762804458233,False
11,spot,evidence x7.83,217.9491823832917,33.83866916460326,False
11,futures,buy_and_hold,1881.5096970107302,58.4879148612069,False
11,futures,kelly_regime_v4,337.37893963195813,18.607119443350207,False
11,futures,none x0.48,177.6265501833094,18.53965663711455,False
11,futures,vote x1,291.0043541824066,21.16399505412056,False
11,futures,evidence x3.25,302.5181895590042,29.950634784916303,False
12,spot,buy_and_hold,-19.82787540983606,35.90801796316722,False
12,spot,kelly_regime_v4,-7.4811570395389,17.771392375895225,False
12,spot,none x0.61,-15.355260398392822,28.60949944513637,False
12,spot,vote x1,-10.382980178067857,16.869751849029175,False
12,spot,evidence x7.83,-15.182344770592927,16.01032882335318,False
12,futures,buy_and_hold,-98.19548021356779,98.96197047083233,True
12,futures,kelly_regime_v4,-8.999849312648955,21.40933970375949,False
12,futures,none x0.48,-10.7284143486578,24.58077128257812,False
12,futures,vote x1,-11.93287449191126,22.916754520572567,False
12,futures,evidence x3.25,-7.075461960557661,12.116883940570373,False
13,spot,buy_and_hold,-21.14028874592153,67.14038253287158,False
13,spot,kelly_regime_v4,41.67721564292211,23.89345481425043,False
13,spot,none x0.61,2.4723126331585465,43.905622161216826,False
13,spot,vote x1,21.08302184221027,31.42327201811308,False
13,spot,evidence x7.83,73.71493027938195,22.251105942564735,False
13,futures,buy_and_hold,-98.19548021356788,98.26621851632724,True
13,futures,kelly_regime_v4,64.21719527728409,26.312113529038424,False
13,futures,none x0.48,1.9819152932419648,41.44894543038673,False
13,futures,vote x1,31.782591433900254,33.58343213068197,False
13,futures,evidence x3.25,43.98238498708464,33.4711824371636,False
14,spot,buy_and_hold,43.798230469371525,32.54336887780471,False
14,spot,kelly_regime_v4,21.666568987440215,23.35368272158112,False
14,spot,none x0.61,13.416611965562609,27.632691914276954,False
14,spot,vote x1,11.169657123937204,24.432634817866166,False
14,spot,evidence x7.83,4.044923952853452,30.10248592010375,False
14,futures,buy_and_hold,-98.19548021356782,98.73242657487336,True
14,futures,kelly_regime_v4,31.928033774124586,19.996818814324197,False
14,futures,none x0.48,22.098438200917702,21.57559925279942,False
14,futures,vote x1,13.055472934757884,27.458065277354887,False
14,futures,evidence x3.25,-9.261239667141318,30.728164115368344,False
15,spot,buy_and_hold,101.95198406510877,55.33444425622533,False
15,spot,kelly_regime_v4,112.73851290032427,23.604577182175586,False
15,spot,none x0.61,36.911300587307004,31.757326425716982,False
15,spot,vote x1,82.43785230811798,25.20968937844936,False
15,spot,evidence x7.83,44.982482189046834,37.001606146713975,False
15,futures,buy_and_hold,509.24389003976967,71.45510278623874,False
15,futures,kelly_regime_v4,118.11143361544141,21.10189616653556,False
15,futures,none x0.48,33.4665672749757,21.594668612152066,False
15,futures,vote x1,68.1670541277831,26.88708898442747,False
15,futures,evidence x3.25,108.78255934048346,30.59148628474273,False
16,spot,buy_and_hold,49.39141194676311,59.10197546924339,False
16,spot,kelly_regime_v4,126.2325604495671,30.175662573036615,False
16,spot,none x0.61,35.96451575866028,35.880064111223774,False
16,spot,vote x1,114.62651896585099,33.86215801991189,False
16,spot,evidence x7.83,84.70535347842105,45.6082975416638,False
16,futures,buy_and_hold,246.8356283378188,75.76827188181593,False
16,futures,kelly_regime_v4,154.4923765551478,27.53260371169387,False
16,futures,none x0.48,46.15304657675989,24.092888973363927,False
16,futures,vote x1,156.95750156354111,36.47048298941679,False
16,futures,evidence x3.25,250.20062605463735,42.48568324651718,False
17,spot,buy_and_hold,-50.85318530472039,63.49741872334611,False
17,spot,kelly_regime_v4,-8.89599709544675,9.393039093577766,False
17,spot,none x0.61,-29.80094332617542,37.28297601324064,False
17,spot,vote x1,-10.057102173074528,19.415782168220723,False
17,spot,evidence x7.83,-3.7020958738452237,4.410339321615612,False
17,futures,buy_and_hold,-98.19548021356783,98.86541929535532,True
17,futures,kelly_regime_v4,-11.467511098125682,11.974065290556196,False
17,futures,none x0.48,-22.7842557991612,30.227833991123177,False
17,futures,vote x1,-11.958310263482542,21.14159503155373,False
17,futures,evidence x3.25,-4.433692802586919,6.130897311020812,False
18,spot,buy_and_hold,124.99132799278402,84.0674592908867,False
18,spot,kelly_regime_v4,256.601389904674,42.95559921807852,False
18,spot,none x0.61,90.97150243040898,49.294426509819836,False
18,spot,vote x1,235.40129601647953,39.30908075913132,False
18,spot,evidence x7.83,400.9165079915369,45.85140328588537,False
18,futures,buy_and_hold,-98.19548021356783,99.90392463375282,True
18,futures,kelly_regime_v4,327.38856577948303,34.82992492271884,False
18,futures,none x0.48,116.43893481462797,46.67076221640294,False
18,futures,vote x1,364.2765424651152,31.58790659962623,False
18,futures,evidence x3.25,678.9343251951619,31.562210037723254,False
19,spot,buy_and_hold,193.40771482675265,32.54338572088382,False
19,spot,kelly_regime_v4,141.3624555367453,23.470959263320232,False
19,spot,none x0.61,104.50249213697819,27.632691914276947,False
19,spot,vote x1,132.671698514292,24.432634817869538,False
19,spot,evidence x7.83,96.21831246387242,30.56628272150207,False
19,futures,buy_and_hold,965.8359392626915,81.78931744211198,False
19,futures,kelly_regime_v4,185.7349270501761,23.7843786339117,False
19,futures,none x0.48,84.23965921242662,22.37396232113199,False
19,futures,vote x1,196.39922376615874,26.551581402805457,False
19,futures,evidence x3.25,207.56627145571062,31.12285352590475,False
20,spot,buy_and_hold,28.828013741223657,27.422635699091014,False
20,spot,kelly_regime_v4,18.74411756929284,21.59660115381536,False
20,spot,none x0.61,19.9690658511932,17.921269090083687,False
20,spot,vote x1,10.65717830595878,22.78104508230253,False
20,spot,evidence x7.83,47.774353839140836,22.251077082116637,False
20,futures,buy_and_hold,-98.19548021356785,98.69114144486907,True
20,futures,kelly_regime_v4,29.635326354979163,23.13454494206155,False
20,futures,none x0.48,22.46444580553164,14.097258339974703,False
20,futures,vote x1,17.503282603051563,28.008574837091054,False
20,futures,evidence x3.25,28.621320272499197,33.38033787451669,False
21,spot,buy_and_hold,47.40186838315778,23.041099010670727,False
21,spot,kelly_regime_v4,38.75736352016095,18.12597161559976,False
21,spot,none x0.61,37.37190504421966,16.98744472783204,False
21,spot,vote x1,37.720546226645844,19.366256167951757,False
21,spot,evidence x7.83,38.74463804612982,22.54432973183656,False
21,futures,buy_and_hold,236.90284703303251,64.9081120570113,False
21,futures,kelly_regime_v4,47.566318497033365,17.028291456292653,False
21,futures,none x0.48,22.07929720668007,14.46866398204676,False
21,futures,vote x1,65.05311570064305,17.501764648149507,False
21,futures,evidence x3.25,132.40958303952453,27.50043899348559,False
22,spot,buy_and_hold,277.31137660651166,62.83130805958728,False
22,spot,kelly_regime_v4,245.23707896689166,24.27645612242587,False
22,spot,none x0.61,124.49806507388476,32.005355930744095,False
22,spot,vote x1,211.96163078944022,25.142071299159312,False
22,spot,evidence x7.83,215.80730894449394,33.86428210379655,False
22,futures,buy_and_hold,-98.19548021356783,99.22210278864078,True
22,futures,kelly_regime_v4,329.8402884525703,21.203668356375545,False
22,futures,none x0.48,117.39441292219706,29.43058237836769,False
22,futures,vote x1,313.1815890943179,24.37101249845371,False
22,futures,evidence x3.25,265.6938446904313,32.410723246034614,False
23,spot,buy_and_hold,-8.20708810245112,38.58841746928689,False
23,spot,kelly_regime_v4,-0.8001277060203038,17.107776661625305,False
23,spot,none x0.61,-1.7677544655769095,27.872664087154735,False
23,spot,vote x1,0.8946305051401815,17.41931760455421,False
23,spot,evidence x7.83,-5.245311270367892,6.8602743915825855,False
23,futures,buy_and_hold,-98.1954802135679,98.87595222427639,True
23,futures,kelly_regime_v4,-0.6766252534039285,18.349883254925665,False
23,futures,none x0.48,-5.519731962695495,24.91736314136537,False
23,futures,vote x1,4.373932835980021,19.809811119624563,False
23,futures,evidence x3.25,-1.0249421436796746,2.7994541263879102,False
24,spot,buy_and_hold,103.56509577137216,31.543391896473867,False
24,spot,kelly_regime_v4,59.84143506988182,23.199595015045407,False
24,spot,none x0.61,64.7541099987651,24.947248246576955,False
24,spot,vote x1,61.22201260443754,22.319308450774006,False
24,spot,evidence x7.83,15.726872086459288,29.506755241253806,False
24,futures,buy_and_hold,517.2973381228417,54.117508511453764,False
24,futures,kelly_regime_v4,79.85479478946844,23.756057859292508,False
24,futures,none x0.48,60.62388032871409,18.244859136565296,False
24,futures,vote x1,78.28910153525324,22.61958575708856,False
24,futures,evidence x3.25,11.279049940148811,28.22700303010769,False
25,spot,buy_and_hold,196.6659370956308,32.54338703980368,False
25,spot,kelly_regime_v4,142.7420282260261,23.47460316001302,False
25,spot,none x0.61,123.16049264264515,27.632691914276958,False
25,spot,vote x1,142.3983848037454,24.43263481786958,False
25,spot,evidence x7.83,89.151468329616,30.56643454599045,False
25,futures,buy_and_hold,982.1025894789373,65.36631341908024,False
25,futures,kelly_regime_v4,184.6660908432108,23.724042337922672,False
25,futures,none x0.48,98.08395022268745,21.246019980553182,False
25,futures,vote x1,219.53695144084594,26.551581402805457,False
25,futures,evidence x3.25,181.24632459145437,31.132671791723755,False
26,spot,buy_and_hold,42.28987932692307,71.79755947203778,False
26,spot,kelly_regime_v4,138.49139020996128,30.396704613614478,False
26,spot,none x0.61,41.63199304382408,39.692195221411296,False
26,spot,vote x1,133.4818536674526,33.86215801991191,False
26,spot,evidence x7.83,85.98135406483067,46.298410494195565,False
26,futures,buy_and_hold,-98.19548021356785,98.69688389400898,True
26,futures,kelly_regime_v4,178.76982234569851,29.143789251278246,False
26,futures,none x0.48,31.834858784644627,33.57753402536185,False
26,futures,vote x1,196.94596404110746,36.470482989416766,False
26,futures,evidence x3.25,241.64054915411387,44.362180033317266,False
27,spot,buy_and_hold,-25.157180741297623,55.33441091737868,False
27,spot,kelly_regime_v4,6.42910762505895,23.216550352459198,False
27,spot,none x0.61,-10.64414963334438,31.757326425716965,False
27,spot,vote x1,-0.5342760720263517,25.20968937844943,False
27,spot,evidence x7.83,-21.192161245558218,22.50466005733313,False
27,futures,buy_and_hold,-98.19548021356785,98.90807165518851,True
27,futures,kelly_regime_v4,11.73511407333283,22.933608689362504,False
27,futures,none x0.48,-2.9755886171304424,24.311990809953137,False
27,futures,vote x1,-2.886033286229228,24.428339466608485,False
27,futures,evidence x3.25,-6.4418913574415315,17.333590684237404,False
28,spot,buy_and_hold,55.662022235722965,70.56444373271555,False
28,spot,kelly_regime_v4,71.13175872003501,32.51684822236826,False
28,spot,none x0.61,12.791436814499546,38.21653080452327,False
28,spot,vote x1,49.46509675316613,31.127426233344767,False
28,spot,evidence x7.83,132.88794029338996,37.38946079580375,False
28,futures,buy_and_hold,-98.19548021356785,99.11792987668832,True
28,futures,kelly_regime_v4,68.88389699059967,28.8131833871181,False
28,futures,none x0.48,23.285079751423332,27.735568207829235,False
28,futures,vote x1,64.3756868093966,23.16659984302784,False
28,futures,evidence x3.25,98.57356059989182,29.405229252794324,False
29,spot,buy_and_hold,33.417590661639274,63.02945200841095,False
29,spot,kelly_regime_v4,101.58144046607455,29.57005273724353,False
29,spot,none x0.61,38.59432776709275,40.095799013268405,False
29,spot,vote x1,89.24464416857938,32.09717089433046,False
29,spot,evidence x7.83,78.24804080547851,40.59395773607675,False
29,futures,buy_and_hold,-98.1954802135678,99.34966785003826,True
29,futures,kelly_regime_v4,130.35561985742774,27.305491183229556,False
29,futures,none x0.48,29.59452450900755,42.79957250378472,False
29,futures,vote x1,138.86978223183078,31.587906599641038,False
29,futures,evidence x3.25,264.46061936462786,34.0940307875098,False
30,spot,buy_and_hold,123.57383545445408,38.06206975941962,False
30,spot,kelly_regime_v4,101.30838182441502,23.886556065824546,False
30,spot,none x0.61,103.41089763211428,23.01178146063341,False
30,spot,vote x1,89.6388945456677,24.965400772689787,False
30,spot,evidence x7.83,147.62899800228945,22.25109976826642,False
30,futures,buy_and_hold,-98.19548021356786,98.72889007352644,True
30,futures,kelly_regime_v4,144.46935963398485,26.3658134705133,False
30,futures,none x0.48,88.96823369516508,18.225073855427365,False
30,futures,vote x1,132.47670943760102,31.20587469075169,False
30,futures,evidence x3.25,137.59905573688386,33.46544729040144,False
31,spot,buy_and_hold,193.93909832561803,32.5433899115387,False
31,spot,kelly_regime_v4,154.318937436406,23.893522588504368,False
31,spot,none x0.61,119.74318936455002,27.632691914276936,False
31,spot,vote x1,129.43086917156558,24.96540077268979,False
31,spot,evidence x7.83,176.07519972603725,24.23983736913722,False
31,futures,buy_and_hold,-98.19548021356782,98.59234228528355,True
31,futures,kelly_regime_v4,232.6290872551846,26.744360012386764,False
31,futures,none x0.48,115.0912129845353,21.24601998055318,False
31,futures,vote x1,215.76471893091696,31.205874690751674,False
31,futures,evidence x3.25,257.9686172575247,33.286849478550884,False
32,spot,buy_and_hold,-27.028457777056182,52.391895610111874,False
32,spot,kelly_regime_v4,-8.355907045111778,28.061350773140585,False
32,spot,none x0.61,-17.949191452407653,40.71218169907607,False
32,spot,vote x1,-8.512369171028,26.720316282334345,False
32,spot,evidence x7.83,-15.298223484341777,20.314986998944594,False
32,futures,buy_and_hold,-98.1954802135678,99.02220508027115,True
32,futures,kelly_regime_v4,-9.387661377494627,32.089180665946024,False
32,futures,none x0.48,-13.382720682397576,34.84500873151954,False
32,futures,vote x1,-6.179397851160495,32.45055245447046,False
32,futures,evidence x3.25,-5.3472074729449375,13.167939722622087,False
33,spot,buy_and_hold,232.96301774892973,62.83131458076561,False
33,spot,kelly_regime_v4,161.54680121702185,17.811237023503075,False
33,spot,none x0.61,117.14925505365184,32.00535890990042,False
33,spot,vote x1,165.61711249201352,19.436601360274487,False
33,spot,evidence x7.83,148.18207285488148,19.890779611179187,False
33,futures,buy_and_hold,-98.19548021356782,99.4485578932792,True
33,futures,kelly_regime_v4,222.89166230644622,16.93206239568258,False
33,futures,none x0.48,120.42270633698355,24.459154547251636,False
33,futures,vote x1,211.79848213376818,19.854179005625454,False
33,futures,evidence x3.25,154.90976162591647,32.171623111114975,False
34,spot,buy_and_hold,588.3554911249043,62.83130593244317,False
34,spot,kelly_regime_v4,318.32110572261473,24.30933892960021,False
34,spot,none x0.61,197.44501267564968,32.00537854291326,False
34,spot,vote x1,272.4211662323043,25.20968937844933,False
34,spot,evidence x7.83,182.98438796839608,36.56193846501882,False
34,futures,buy_and_hold,-98.19548021356788,99.12437732393154,True
34,futures,kelly_regime_v4,429.86945067510885,21.494586221006358,False
34,futures,none x0.48,158.9996231143228,28.7760574012819,False
34,futures,vote x1,393.9279885043566,24.427512241561278,False
34,futures,evidence x3.25,278.4881178847234,33.64145093728759,False
35,spot,buy_and_hold,94.60692143838014,24.940459515869147,False
35,spot,kelly_regime_v4,26.334327410673318,18.221106879268266,False
35,spot,none x0.61,37.63286037216189,14.812022549418453,False
35,spot,vote x1,31.178054161705337,23.19787134486007,False
35,spot,evidence x7.83,-2.1205040502814354,16.009820052598737,False
35,futures,buy_and_hold,472.57372001894,77.37702328679396,False
35,futures,kelly_regime_v4,29.46782066137179,18.129136715729587,False
35,futures,none x0.48,23.131751917049105,8.31167613440249,False
35,futures,vote x1,30.514151379420397,22.179862393425505,False
35,futures,evidence x3.25,8.703257939151477,8.58837017924344,False
36,spot,buy_and_hold,48.18826051541474,71.79755855495922,False
36,spot,kelly_regime_v4,143.57718221310557,30.39739233285949,False
36,spot,none x0.61,39.98259789537912,39.69219522141132,False
36,spot,vote x1,131.9816837219161,33.862158019911895,False
36,spot,evidence x7.83,94.89679748964662,46.29785345986189,False
36,futures,buy_and_hold,-98.19548021356782,98.58211908422109,True
36,futures,kelly_regime_v4,183.61735976420667,29.131196357736034,False
36,futures,none x0.48,29.975444551030606,34.8215509751012,False
36,futures,vote x1,193.43954230126536,36.470482989416794,False
36,futures,evidence x3.25,242.28235616981556,44.36219454681262,False
37,spot,buy_and_hold,-5.630822406356806,66.64126222407653,False
37,spot,kelly_regime_v4,75.79815310984912,27.65608153793444,False
37,spot,none x0.61,9.70385119141255,43.00611501319458,False
37,spot,vote x1,54.729300922837496,32.097170894325785,False
37,spot,evidence x7.83,89.76129736930875,24.81549464780289,False
37,futures,buy_and_hold,-98.19548021356786,98.3585846299438,True
37,futures,kelly_regime_v4,114.56610295572492,23.51941397233352,False
37,futures,none x0.48,1.0242473897803528,43.43036740808442,False
37,futures,vote x1,91.61229078546197,31.587906599626237,False
37,futures,evidence x3.25,196.19924233551694,25.267768030034315,False
38,spot,buy_and_hold,-49.242398869746154,74.38995361789722,False
38,spot,kelly_regime_v4,16.980324783067303,23.148007785337356,False
38,spot,none x0.61,-30.218551748255184,49.296126592708255,False
38,spot,vote x1,-3.889012816078974,25.20968937844933,False
38,spot,evidence x7.83,-34.945667978914216,36.598205408103695,False
38,futures,buy_and_hold,-98.19548021356783,98.32157206047907,True
38,futures,kelly_regime_v4,32.71471703553173,20.47664965275384,False
38,futures,none x0.48,-29.252254933814648,40.398335728834596,False
38,futures,vote x1,-0.2000724587378433,25.387693324221555,False
38,futures,evidence x3.25,-22.093143540092807,25.82488268766001,False
39,spot,buy_and_hold,104.33319677419357,53.45679767863316,False
39,spot,kelly_regime_v4,103.14582743478557,30.30668125601565,False
39,spot,none x0.61,49.90932913109258,35.88006411122377,False
39,spot,vote x1,90.1563147729011,33.86215801991187,False
39,spot,evidence x7.83,101.06707805713278,41.751550643850585,False
39,futures,buy_and_hold,521.1320766129033,69.28926421339405,False
39,futures,kelly_regime_v4,121.80274569511779,29.085590304416943,False
39,futures,none x0.48,62.976191946363656,20.37253564471264,False
39,futures,vote x1,124.0335303554311,36.47048298941671,False
39,futures,evidence x3.25,322.1817487585472,34.11568280772655,False
40,spot,buy_and_hold,116.13715786591685,27.422635275778962,False
40,spot,kelly_regime_v4,88.96785635915802,23.884990437641342,False
40,spot,none x0.61,86.21079825639428,20.67116084547001,False
40,spot,vote x1,76.27143106413705,24.965400772689804,False
40,spot,evidence x7.83,112.30576076793741,22.25108216424666,False
40,futures,buy_and_hold,-98.19548021356783,98.60226708306283,True
40,futures,kelly_regime_v4,138.17302806063088,26.447435253902135,False
40,futures,none x0.48,71.14170015107261,17.924590475065333,False
40,futures,vote x1,111.56171810863218,31.20587469075165,False
40,futures,evidence x3.25,100.04407600562817,33.38368587948423,False
