check,subarm,universe,window,n_bars,max_abs_diff,bit_identical,allclose_1e12,passed,d,n_eq_plus_d,n_eq_minus_d,n_finite_scores,field,r67_published,this_branch,abs_diff,delta_in,delta_out,first,last,bars_in_holdout,first_bar_warm
identity_d0,EXIT_ONLY,U8,"('2020-04-01', '2021-12-31')",210528.0,0.0,True,True,True,nan,nan,nan,nan,nan,nan,nan,nan,,,,,,
identity_d0,ENTRY_ONLY,U8,"('2020-04-01', '2021-12-31')",210528.0,0.0,True,True,True,nan,nan,nan,nan,nan,nan,nan,nan,,,,,,
identity_d0,COUPLED,U8,"('2020-04-01', '2021-12-31')",210528.0,0.0,True,True,True,nan,nan,nan,nan,nan,nan,nan,nan,,,,,,
identity_d0,EXIT_ONLY,U6,"('2020-04-01', None)",697459.0,0.0,True,True,True,nan,nan,nan,nan,nan,nan,nan,nan,,,,,,
identity_d0,ENTRY_ONLY,U6,"('2020-04-01', None)",697459.0,0.0,True,True,True,nan,nan,nan,nan,nan,nan,nan,nan,,,,,,
identity_d0,COUPLED,U6,"('2020-04-01', None)",697459.0,0.0,True,True,True,nan,nan,nan,nan,nan,nan,nan,nan,,,,,,
boundary_ties,nan,U8,"('2020-04-01', '2021-12-31')",nan,nan,nan,nan,True,0.0,0.0,0.0,1499912.0,nan,nan,nan,nan,,,,,,
boundary_ties,nan,U8,"('2020-04-01', '2021-12-31')",nan,nan,nan,nan,True,0.005,0.0,0.0,1499912.0,nan,nan,nan,nan,,,,,,
boundary_ties,nan,U8,"('2020-04-01', '2021-12-31')",nan,nan,nan,nan,True,0.01,0.0,0.0,1499912.0,nan,nan,nan,nan,,,,,,
boundary_ties,nan,U8,"('2020-04-01', '2021-12-31')",nan,nan,nan,nan,True,0.02,0.0,0.0,1499912.0,nan,nan,nan,nan,,,,,,
boundary_ties,nan,U8,"('2020-04-01', '2021-12-31')",nan,nan,nan,nan,True,0.04,0.0,0.0,1499912.0,nan,nan,nan,nan,,,,,,
boundary_ties,nan,U8,"('2020-04-01', '2021-12-31')",nan,nan,nan,nan,True,0.08,0.0,0.0,1499912.0,nan,nan,nan,nan,,,,,,
boundary_ties,nan,U8,"('2020-04-01', '2021-12-31')",nan,nan,nan,nan,True,0.12,0.0,0.0,1499912.0,nan,nan,nan,nan,,,,,,
boundary_ties,nan,U8,"('2020-04-01', '2021-12-31')",nan,nan,nan,nan,True,0.16,0.0,0.0,1499912.0,nan,nan,nan,nan,,,,,,
boundary_ties,nan,U8,"('2020-04-01', '2021-12-31')",nan,nan,nan,nan,True,0.22,0.0,0.0,1499912.0,nan,nan,nan,nan,,,,,,
boundary_ties,nan,U8,"('2020-04-01', '2021-12-31')",nan,nan,nan,nan,True,0.28,0.0,0.0,1499912.0,nan,nan,nan,nan,,,,,,
boundary_ties,nan,U8,"('2020-04-01', '2021-12-31')",nan,nan,nan,nan,True,0.35,0.0,0.0,1499912.0,nan,nan,nan,nan,,,,,,
identity_r67_coupled_0080,nan,nan,nan,nan,nan,nan,nan,True,nan,nan,nan,nan,turnover_per_day,0.1735890364719704,0.1735890364719704,0.0,,,,,,
identity_r67_coupled_0080,nan,nan,nan,nan,nan,nan,nan,True,nan,nan,nan,nan,hold_days,7.032967032967033,7.032967032967033,0.0,,,,,,
identity_r67_coupled_0080,nan,nan,nan,nan,nan,nan,nan,True,nan,nan,nan,nan,tenure_days,6.320783132530121,6.320783132530121,0.0,,,,,,
identity_r67_coupled_0080,nan,nan,nan,nan,nan,nan,nan,True,nan,nan,nan,nan,mean_notional,0.5254997510094529,0.5254997510094529,0.0,,,,,,
identity_r67_coupled_0080,nan,nan,nan,nan,nan,nan,nan,True,nan,nan,nan,nan,gross_growth_diff,-0.875682549492625,-0.875682549492625,0.0,,,,,,
identity_r67_coupled_0080,nan,nan,nan,nan,nan,nan,nan,True,nan,nan,nan,nan,gross_growth_lo,-2.9555904447667767,-2.9555904447667767,0.0,,,,,,
identity_r67_coupled_0080,nan,nan,nan,nan,nan,nan,nan,True,nan,nan,nan,nan,gross_growth_hi,1.2058876111571482,1.2058876111571482,0.0,,,,,,
identity_r67_coupled_0080,nan,nan,nan,nan,nan,nan,nan,True,nan,nan,nan,nan,net_growth_diff,-0.9671502845633148,-0.9671502845633148,1.1102230246251563e-16,,,,,,
identity_r67_coupled_0080,nan,nan,nan,nan,nan,nan,nan,True,nan,nan,nan,nan,net_growth_lo,-3.072979345634608,-3.0729793456346077,4.440892098500626e-16,,,,,,
identity_r67_coupled_0080,nan,nan,nan,nan,nan,nan,nan,True,nan,nan,nan,nan,net_growth_hi,1.1467609289199516,1.1467609289199516,0.0,,,,,,
identity_r67_coupled_0080,nan,nan,nan,nan,nan,nan,nan,True,nan,nan,nan,nan,net_dd_diff,-4.1971261403180975,-4.1971261403180975,0.0,,,,,,
identity_r67_coupled_0080,nan,nan,nan,nan,nan,nan,nan,True,nan,nan,nan,nan,cand_final,2886.876361473473,2886.876361473473,4.547473508864641e-13,,,,,,
identity_r67_coupled_0080,nan,nan,nan,nan,nan,nan,nan,True,nan,nan,nan,nan,bench_final,7614.001413944976,7614.001413944976,0.0,,,,,,
identity_r67_coupled_0080,nan,nan,nan,nan,nan,nan,nan,True,nan,nan,nan,nan,membership_changes_per_day,0.1421882714207433,0.1421882714207433,5.551115123125783e-17,,,,,,
identity_r67_coupled_0080,nan,nan,nan,nan,nan,nan,nan,True,nan,nan,nan,nan,raw_turnover_per_day,0.1735899782578767,0.1735899782578767,0.0,,,,,,
identity_r67_coupled_0080,nan,nan,nan,nan,nan,nan,nan,True,nan,nan,nan,nan,n_days,639.0,639.0,0.0,,,,,,
check_causality,ENTRY_ONLY,,,,,,,True,0.08,,,,,,,,0.08,0.0,,,,
truncation_60pct,ENTRY_ONLY,,,,0.0,,,True,0.08,,,,,,,,0.08,0.0,,,,
truncation_60pct,COUPLED,,,,0.0,,,True,0.0,,,,,,,,0.0,0.0,,,,
truncation_60pct,EXIT_ONLY,,,,0.0,,,True,0.35,,,,,,,,0.0,0.35,,,,
truncation_60pct,ENTRY_ONLY,,,,0.0,,,True,0.35,,,,,,,,0.35,0.0,,,,
truncation_60pct,COUPLED,,,,0.0,,,True,0.35,,,,,,,,0.35,0.35,,,,
tail_x10,ENTRY_ONLY,,,,0.0,,,True,0.08,,,,,,,,0.08,0.0,,,,
index_W_TRAIN,ENTRY_ONLY,,,184320,,,,True,0.08,,,,,,,,,,2020-04-01 00:00:00+00:00,2021-12-31 23:55:00+00:00,0,True
index_W_VAL,ENTRY_ONLY,,,105120,,,,True,0.08,,,,,,,,,,2022-01-01 00:00:00+00:00,2022-12-31 23:55:00+00:00,0,True
