arm,window,universe,bench,hold_days,turnover_per_day,rebalances_per_day,implied_log_drag_total,mean_notional,gross_growth_diff,gross_growth_lo,gross_growth_hi,net_growth_diff,net_growth_lo,net_growth_hi,net_dd_diff,net_dd_lo,net_dd_hi,cand_final,bench_final,cand_dd,bench_dd,n_days,p_subarm,p_d,p_delta_in,p_delta_out,p_buffer,p_hold_days,p_k,volmatch_c_net,volmatch_vol_net,volmatch_matched_net,volmatch_shared_flag_net,cand_vol_net,volmatch_c_gross,volmatch_vol_gross,volmatch_matched_gross,volmatch_shared_flag_gross,cand_vol_gross,cand_final_gross,bench_final_gross,n_bars,tenure_days,membership_change_rate,membership_change_rate_thresholded,raw_turnover_per_day,membership_changes_per_day,span_days,config_kind,eval_bars,eval_days,forced_exit_total_warm,forced_exit_total_eval,forced_exit_per_day_r65,forced_exit_per_day_eval,entry_total_warm,entry_total_eval,entry_per_day_r65,entry_per_day_eval,swap_total_warm,swap_total_eval,swap_per_day_r65,swap_per_day_eval,blocked_by_timer_total_warm,blocked_by_timer_total_eval,blocked_by_timer_per_day_r65,blocked_by_timer_per_day_eval,blocked_by_buffer_total_warm,blocked_by_buffer_total_eval,blocked_by_buffer_per_day_r65,blocked_by_buffer_per_day_eval,flat_bars_total_warm,flat_bars_total_eval,flat_bars_per_day_r65,flat_bars_per_day_eval,flat_bar_frac_eval
r63_reference,W_TRAIN,U8,VOLMATCH_HOLD,0.2616516762060507,4.475293409757335,3.8640625,2.8641877822446946,0.54675115779283,-2.0967205691000323,-4.7630226828057,0.6392459032816697,-4.9818825165500105,-8.512973236132241,-1.448229643983467,31.85336074632893,10.015906632997387,62.828790973685095,54.52921223305445,7970.357715921371,96.60138208939222,64.74802134306329,639,R63_REF,nan,nan,nan,nan,0,1,1.0,0.9450786722179523,True,True,0.9533482246376135,0.9471664375788708,0.8965418397216038,True,True,0.8989782404585822,961.6841781453267,7856.254171101872,184320,0.2438911421561264,3.821875,3.821875,4.475317689909698,3.82189573511141,639.9965277777778,reference,,,,,,,,,,,,,,,,,,,,,,,,,,,
band_decomposition,W_TRAIN,U8,VOLMATCH_HOLD,1.1764705882352942,0.6073928250382219,0.89375,0.38873140802446204,0.54675115779283,-1.0261623997228912,-3.157887709707339,1.1996332781973025,-1.4196606648319448,-3.5971658759565632,0.9198484003693361,6.704817715392473,-15.965515644535213,42.149289295822484,1836.1348032726853,7613.986290302997,67.50090329856302,60.796085583170544,639,EXIT_ONLY,0.0,0.0,0.0,0.05,1,1,0.9293813006084777,0.8794352585754299,True,True,0.8820424709858133,0.9239717461231414,0.8749245708449113,True,True,0.8769636059808745,2682.0101052460514,7510.47005653663,184320,1.7072379950928847,0.85,0.85,0.6073961203730757,0.8500046115701582,639.9965277777778,grid,184320,640.0,242,242,0.378125,0.378125,242,242,0.378125,0.378125,75,75,0.1171875,0.1171875,2392,2392,3.7375,3.7375,15265,15265,23.8515625,23.8515625,54664,28456,85.4125,44.4625,0.15438368055555557
band_decomposition,W_TRAIN,U8,VOLMATCH_HOLD,2.0447284345047922,0.3813443135918587,0.5328125,0.24406036069878959,0.549198448849541,-1.0654581357939417,-3.2224004617220237,1.204464249936355,-1.2916962047539073,-3.4890514835428754,1.049218460878007,5.934292297105927,-17.38548605611016,41.00278212742603,2067.6593612886586,7544.200299181892,66.77081854120684,60.83652624410091,639,EXIT_ONLY,0.005,0.0,0.005,0.05,1,1,0.9301451174587606,0.8804355468798967,True,True,0.8827673821730333,0.926438443347555,0.8772237986822179,True,True,0.879304807107274,2613.3158313348977,7611.47211328355,184320,2.7449144219977555,0.4890625,0.4890625,0.38134638252839564,0.48906515334827116,639.9965277777778,grid,184320,640.0,123,123,0.1921875,0.1921875,123,123,0.1921875,0.1921875,75,75,0.1171875,0.1171875,2393,2393,3.7390625,3.7390625,15329,15329,23.9515625,23.9515625,54002,27794,84.378125,43.428125,0.15079210069444443
band_decomposition,W_TRAIN,U8,VOLMATCH_HOLD,2.633744855967078,0.3208919414814338,0.425,0.20537084254811763,0.5525184563263975,-1.0961480353698874,-3.256321651810084,1.1976542965259476,-1.2883038617050508,-3.4694855261955713,1.056771409216605,5.526370069575243,-17.83388420044304,40.65003365318434,2101.9671572944662,7643.499672090289,66.48402872132384,60.957658651748595,639,EXIT_ONLY,0.01,0.0,0.01,0.05,1,1,0.9344756745041702,0.8846899640350101,True,True,0.8868773585999071,0.9312649919816627,0.881444537548549,True,True,0.8838857994507835,2556.090483459925,7676.964299208669,184320,3.3533145875937285,0.3796875,0.3796875,0.32089368244108235,0.3796895599476993,639.9965277777778,grid,184320,640.0,86,86,0.134375,0.134375,86,86,0.134375,0.134375,77,77,0.1203125,0.1203125,2445,2445,3.8203125,3.8203125,15554,15554,24.303125,24.303125,53110,26902,82.984375,42.034375,0.14595269097222222
band_decomposition,W_TRAIN,U8,VOLMATCH_HOLD,3.742690058479532,0.25367347200870966,0.3125,0.1623510220855742,0.5596204551120932,-1.0490618838009906,-3.16550988898365,1.229701529381197,-1.1941929786423078,-3.3549501076469763,1.1133890138508233,3.6340108742537183,-18.509003337999918,39.00317027645226,2310.114194572421,7645.931586188093,64.69445993042376,61.06044905617004,639,EXIT_ONLY,0.02,0.0,0.02,0.05,1,1,0.9364636945194865,0.8866463585688334,True,True,0.8887641171192907,0.933794814347272,0.8837872149882362,True,True,0.8862869141532022,2690.862447212755,7710.095828339619,184320,4.35919728783902,0.2671875,0.2671875,0.25367484828284315,0.26718894959282546,639.9965277777778,grid,184320,640.0,49,49,0.0765625,0.0765625,49,49,0.0765625,0.0765625,78,78,0.121875,0.121875,2461,2461,3.8453125,3.8453125,15810,15810,24.703125,24.703125,51086,24878,79.821875,38.871875,0.13497178819444444
band_decomposition,W_TRAIN,U8,VOLMATCH_HOLD,5.0,0.2157170013069533,0.25,0.1380588808364501,0.5729407526876394,-0.9680086449171803,-3.0459226490453295,1.2324737454905432,-1.0936461265162274,-3.2114124323669335,1.1186865492574287,-0.7360675266784753,-16.92460356882365,34.95967035339354,2564.1549354884814,7675.072286046,60.67043882931126,61.406506355989734,639,EXIT_ONLY,0.04,0.0,0.04,0.05,1,1,0.9430570847888636,0.8927984021652727,True,True,0.8950216674289081,0.9408874286818637,0.8904802907467472,True,True,0.8930186834619428,2915.5882410990125,7703.806578449173,184320,5.379133597883598,0.2,0.2,0.21571817165293666,0.20000108507533135,639.9965277777778,grid,184320,640.0,25,25,0.0390625,0.0390625,25,25,0.0390625,0.0390625,80,80,0.125,0.125,2746,2746,4.290625,4.290625,16746,16746,26.165625,26.165625,47863,21655,74.7859375,33.8359375,0.11748589409722222
band_decomposition,W_TRAIN,U8,VOLMATCH_HOLD,5.818181818181818,0.2009079203847044,0.2171875,0.1285810690462108,0.5857295322596509,-1.1360581200010225,-3.1834739897597344,1.0468874552274114,-1.2458956205016816,-3.330935614667619,0.9667579384049899,0.29435258447635704,-15.23857321830523,36.937512326607326,2231.040834392289,7776.386638345537,62.29479592570648,62.000443341230124,639,EXIT_ONLY,0.08,0.0,0.08,0.05,1,1,0.9519071992001031,0.9006555284846713,True,True,0.9034209937104741,0.9497758627429173,0.8989912631039484,True,True,0.9014549080742329,2513.449553687041,7856.827107706833,184320,5.991444730813288,0.171875,0.171875,0.20090901038584566,0.17187593248661287,639.9965277777778,grid,184320,640.0,14,14,0.021875,0.021875,14,14,0.021875,0.021875,83,83,0.1296875,0.1296875,2697,2697,4.2140625,4.2140625,16641,16641,26.0015625,26.0015625,43151,16943,67.4234375,26.4734375,0.09192165798611111
band_decomposition,W_TRAIN,U8,VOLMATCH_HOLD,6.336633663366337,0.19144027659988677,0.203125,0.12252177702392753,0.5906218276842278,-1.075570851360169,-3.1390185033561866,1.1088407686790527,-1.184957508939314,-3.2800440325737052,1.022827730999879,-0.8897273922097853,-14.81159979540536,35.206511256305824,2388.592001570254,7833.395728314417,61.21632998483811,62.1060573770479,639,EXIT_ONLY,0.12,0.0,0.12,0.05,1,1,0.9542022815050134,0.9031028498201347,True,True,0.9055991740397034,0.9522832206721981,0.900854134167486,True,True,0.90383470124472,2674.711546737187,7870.256509910653,184320,6.393078200483092,0.1578125,0.1578125,0.19144131523549449,0.15781335619225365,639.9965277777778,grid,184320,640.0,9,9,0.0140625,0.0140625,9,9,0.0140625,0.0140625,83,83,0.1296875,0.1296875,2706,2706,4.228125,4.228125,16641,16641,26.0015625,26.0015625,41137,14929,64.2765625,23.3265625,0.08099500868055555
band_decomposition,W_TRAIN,U8,VOLMATCH_HOLD,6.4646464646464645,0.1917001908939619,0.203125,0.12268812217213562,0.6030161398781864,-1.1602120867587886,-3.1593104518823996,0.9971605880044917,-1.2608935996016082,-3.2744466778219046,0.9290639052132806,-1.2253255575520328,-12.967703500215674,34.45307585219688,2200.5597686966858,7786.064207965443,60.79434227975782,62.019667837309854,639,EXIT_ONLY,0.16,0.0,0.16,0.05,1,1,0.9526685423509627,0.9013383641797785,True,True,0.9041435571982618,0.9508698038272416,0.8998651470048246,True,True,0.9024931936301117,2464.448009874829,7892.024961661572,184320,6.562084842995169,0.1546875,0.1546875,0.19170123093970254,0.15468833923795158,639.9965277777778,grid,184320,640.0,7,7,0.0109375,0.0109375,8,8,0.0125,0.0125,84,84,0.13125,0.13125,2706,2706,4.228125,4.228125,16644,16644,26.00625,26.00625,36659,10451,57.2796875,16.3296875,0.05670030381944444
band_decomposition,W_TRAIN,U8,VOLMATCH_HOLD,6.597938144329897,0.19038533164164342,0.2015625,0.12184661225065178,0.611288706608511,-1.291016264167739,-3.354077506084017,0.9517621232254686,-1.4069850387852494,-3.4905393615959444,0.8378385517185855,3.614689296760581,-12.001142673555028,37.87999946482085,1925.252787647924,7883.643410312626,65.65047298798781,62.03578369122723,639,EXIT_ONLY,0.22,0.0,0.22,0.05,1,1,0.9588585349285293,0.906630788654446,True,True,0.9100182572217356,0.957062717679395,0.905204570164126,True,True,0.9083710357677105,2154.575792720274,7864.089862653973,184320,6.734966422466423,0.1515625,0.1515625,0.19038636455377736,0.15156332228364952,639.9965277777778,grid,184320,640.0,6,6,0.009375,0.009375,7,7,0.0109375,0.0109375,84,84,0.13125,0.13125,2706,2706,4.228125,4.228125,16644,16644,26.00625,26.00625,34018,7810,53.153125,12.203125,0.04237196180555555
band_decomposition,W_TRAIN,U8,VOLMATCH_HOLD,7.032967032967033,0.18849089192704316,0.1984375,0.12063417083330763,0.6284707997797357,-1.0390856514824356,-3.08074233429553,1.155765689509808,-1.147517352975068,-3.19572065278414,1.0665936576549866,-2.2670524909525795,-15.064963558896793,33.85184832603116,2477.8084466115065,7827.377445776646,59.85943721781002,62.1264897087626,639,EXIT_ONLY,0.28,0.0,0.28,0.05,1,1,0.9546105724810141,0.9034867103307448,True,True,0.9059866683664314,0.9528813136080744,0.9017121048466843,True,True,0.9044023655049731,2769.3693386560994,7856.850595085079,184320,7.069522471910113,0.1421875,0.1421875,0.18849191456112818,0.14218827142074336,639.9965277777778,grid,184320,640.0,2,2,0.003125,0.003125,3,3,0.0046875,0.0046875,86,86,0.134375,0.134375,2706,2706,4.228125,4.228125,16655,16655,26.0234375,26.0234375,29322,3114,45.815625,4.865625,0.01689453125
band_decomposition,W_TRAIN,U8,VOLMATCH_HOLD,7.191011235955056,0.1879311684730812,0.1953125,0.12027594782277197,0.6290302494073838,-1.0198135102260717,-3.0548510485292852,1.1648665050344493,-1.1204213266618044,-3.188025187842769,1.0970055306438147,-3.2771836364756126,-16.297562028758165,34.358837194636095,2531.36073777005,7782.841593023513,58.9918886757428,62.26907231221841,639,EXIT_ONLY,0.35,0.0,0.35,0.05,1,1,0.9572324438296682,0.9054247552068532,True,True,0.9084749924605999,0.9554999925117771,0.9044713080705785,True,True,0.9068878160654831,2828.076253047713,7870.337028604892,184320,7.164851641414141,0.1390625,0.1390625,0.18793218807045567,0.13906325446644133,639.9965277777778,grid,184320,640.0,1,1,0.0015625,0.0015625,2,2,0.003125,0.003125,86,86,0.134375,0.134375,2706,2706,4.228125,4.228125,16655,16655,26.0234375,26.0234375,28942,2734,45.221875,4.271875,0.014832899305555555
band_decomposition,W_TRAIN,U8,VOLMATCH_HOLD,1.1764705882352942,0.6073928250382219,0.89375,0.38873140802446204,0.54675115779283,-1.0261623997228912,-3.157887709707339,1.1996332781973025,-1.4196606648319448,-3.5971658759565632,0.9198484003693361,6.704817715392473,-15.965515644535213,42.149289295822484,1836.1348032726853,7613.986290302997,67.50090329856302,60.796085583170544,639,ENTRY_ONLY,0.0,0.0,0.0,0.05,1,1,0.9293813006084777,0.8794352585754299,True,True,0.8820424709858133,0.9239717461231414,0.8749245708449113,True,True,0.8769636059808745,2682.0101052460514,7510.47005653663,184320,1.7072379950928847,0.85,0.85,0.6073961203730757,0.8500046115701582,639.9965277777778,grid,184320,640.0,242,242,0.378125,0.378125,242,242,0.378125,0.378125,75,75,0.1171875,0.1171875,2392,2392,3.7375,3.7375,15265,15265,23.8515625,23.8515625,54664,28456,85.4125,44.4625,0.15438368055555557
band_decomposition,W_TRAIN,U8,VOLMATCH_HOLD,2.379182156133829,0.3403731793124043,0.4640625,0.21783883475993876,0.5446884889908014,-0.8938477824763507,-3.004543878258105,1.3325991200783667,-1.1066203025897645,-3.2807548739467474,1.1730968124403771,2.4521503631838897,-19.139348143432727,37.50189852028235,2484.2629335450947,7532.668747162544,63.24361358649123,60.79146322330734,639,ENTRY_ONLY,0.005,0.005,0.0,0.05,1,1,0.925748128474845,0.876680728552955,True,True,0.8785943575751303,0.9224848327921723,0.873538858925964,True,True,0.8755523410996929,3058.257814767941,7502.652041059322,184320,3.02937734082397,0.4203125,0.4203125,0.34037502596510527,0.420314780353626,639.9965277777778,grid,184320,640.0,103,103,0.1609375,0.1609375,103,103,0.1609375,0.1609375,75,75,0.1171875,0.1171875,2393,2393,3.7390625,3.7390625,15209,15209,23.7640625,23.7640625,55230,29022,86.296875,45.346875,0.15745442708333332
band_decomposition,W_TRAIN,U8,VOLMATCH_HOLD,3.1527093596059115,0.27755548000582575,0.3609375,0.17763550720372848,0.5425035577892469,-0.8800243797535372,-3.011493398410645,1.327949294413434,-1.0520414822138746,-3.227961950419307,1.2179010800434453,2.7946944792578563,-18.870816301527512,36.82087497953277,2622.81853814693,7530.363366358227,63.56921415338039,60.77451967412254,639,ENTRY_ONLY,0.01,0.01,0.0,0.05,1,1,0.9254736458582744,0.8764126146456054,True,True,0.878333855964861,0.9226494566834135,0.8736968190574448,True,True,0.8757085895584789,3101.4545532304883,7504.175473934494,184320,3.7299141589506175,0.3171875,0.3171875,0.277556985848848,0.3171892208616583,639.9965277777778,grid,184320,640.0,69,69,0.1078125,0.1078125,69,69,0.1078125,0.1078125,75,75,0.1171875,0.1171875,2393,2393,3.7390625,3.7390625,15156,15156,23.68125,23.68125,55841,29633,87.2515625,46.3015625,0.1607693142361111
band_decomposition,W_TRAIN,U8,VOLMATCH_HOLD,3.902439024390244,0.23658216921867609,0.2984375,0.1514125882999527,0.5376316983571698,-0.8825479451757987,-2.9762561847744577,1.2846728354934867,-1.0206237670453513,-3.1499119707364205,1.1926998667217141,0.6061528216312482,-17.86445559674949,35.54555106793281,2685.844870396791,7472.8012432045125,61.3538026774395,60.74764985580825,639,ENTRY_ONLY,0.02,0.02,0.0,0.05,1,1,0.9249574276366392,0.8758254130559804,True,True,0.8778439317588533,0.9225227213462591,0.8735752137267997,True,True,0.8755883020294041,3093.1557148928036,7503.002672737498,184320,4.36122495446266,0.25625,0.25625,0.23658345276605433,0.2562513902527683,639.9965277777778,grid,184320,640.0,47,47,0.0734375,0.0734375,47,47,0.0734375,0.0734375,75,75,0.1171875,0.1171875,2397,2397,3.7453125,3.7453125,14837,14837,23.1828125,23.1828125,57292,31084,89.51875,48.56875,0.16864149305555556
band_decomposition,W_TRAIN,U8,VOLMATCH_HOLD,4.60431654676259,0.2160817562509471,0.259375,0.13829232400060615,0.5311461909326525,-0.9488918876204178,-3.0035194228825914,1.179572137344955,-1.0702229414468953,-3.166306449226012,1.0935234180504854,-1.4402256209636803,-16.82236750321799,34.137923932883446,2542.3253321847815,7433.1462934425435,59.24043355635303,60.68065917731671,639,ENTRY_ONLY,0.04,0.04,0.0,0.05,1,1,0.923671318151524,0.8746857225992632,True,True,0.8766233313578483,0.9214535993655426,0.8725989586524483,True,True,0.8745735728762924,2889.5351060653693,7489.836036327995,184320,4.819954128440367,0.2171875,0.2171875,0.2160829285758634,0.21718867832399263,639.9965277777778,grid,184320,640.0,34,34,0.053125,0.053125,34,34,0.053125,0.053125,75,75,0.1171875,0.1171875,2403,2403,3.7546875,3.7546875,15408,15408,24.075,24.075,59220,33012,92.53125,51.58125,0.1791015625
band_decomposition,W_TRAIN,U8,VOLMATCH_HOLD,5.925925925925926,0.1849661383636695,0.20625,0.11837832855274849,0.5147908880117953,-0.7897090219649692,-2.8757661943575963,1.296684613362609,-0.8951153219278096,-3.0094506069359555,1.217850823072215,-7.067411170586638,-17.57350733703475,28.682299846239527,3049.838475600803,7484.525580107745,53.02649377988171,60.09390495046835,639,ENTRY_ONLY,0.08,0.08,0.0,0.05,1,1,0.9189693481276405,0.8702793377025263,True,True,0.8721608601895,0.9171638126694316,0.8686163534648487,True,True,0.8705020340811993,3398.203198143795,7511.977103516412,184320,5.563263125763125,0.16875,0.16875,0.18496714187463878,0.1687509155323108,639.9965277777778,grid,184320,640.0,19,19,0.0296875,0.0296875,19,19,0.0296875,0.0296875,72,72,0.1125,0.1125,2278,2278,3.559375,3.559375,12555,12555,19.6171875,19.6171875,64726,38518,101.134375,60.184375,0.20897352430555555
band_decomposition,W_TRAIN,U8,VOLMATCH_HOLD,7.032967032967033,0.16379483157613653,0.1796875,0.10482869220872738,0.4934412982183488,-0.49233150452141206,-2.5787263562593066,1.573227968622114,-0.5880688599905832,-2.697284328202132,1.4915822760575534,-14.644976885566301,-21.229419879358748,20.839375768862915,4041.5821843600365,7295.946397618674,45.58301612726159,60.22799301282789,639,ENTRY_ONLY,0.12,0.12,0.0,0.05,1,1,0.9120235751832272,0.8626829050748348,True,True,0.8655688761171008,0.9104444241195042,0.8599109849407519,True,True,0.8641245022600633,4442.380629200921,7293.903453573795,184320,6.070529513888889,0.1421875,0.1421875,0.16379572022479216,0.14218827142074336,639.9965277777778,grid,184320,640.0,13,13,0.0203125,0.0203125,13,13,0.0203125,0.0203125,67,67,0.1046875,0.1046875,2277,2277,3.5578125,3.5578125,10923,10923,17.0671875,17.0671875,70663,44455,110.4109375,69.4609375,0.2411838107638889
band_decomposition,W_TRAIN,U8,VOLMATCH_HOLD,7.529411764705882,0.15995821443425026,0.1734375,0.10237325723792018,0.48820769980247997,-0.581118555808475,-2.6395955101720374,1.508946280714282,-0.6682110214295793,-2.748694779610145,1.4435905685252615,-10.962674935492359,-20.49244936295534,23.731344714303802,3758.1682439288043,7350.223524086732,48.08129026229278,59.04396519778514,639,ENTRY_ONLY,0.16,0.16,0.0,0.05,1,1,0.9030209472612558,0.8541714906670729,True,True,0.8570248047306175,0.901450240977042,0.8524869761111655,True,True,0.8555879086742083,4120.310954670696,7392.969259831879,184320,6.287417763157895,0.1328125,0.1328125,0.1599590822678128,0.13281322055783723,639.9965277777778,grid,184320,640.0,9,9,0.0140625,0.0140625,9,9,0.0140625,0.0140625,67,67,0.1046875,0.1046875,2223,2223,3.4734375,3.4734375,8432,8432,13.175,13.175,72909,46701,113.9203125,72.9703125,0.253369140625
band_decomposition,W_TRAIN,U8,VOLMATCH_HOLD,8.421052631578947,0.14171244038404401,0.1546875,0.09069596184578817,0.45467096468996615,-0.6865693518314124,-2.876398324273591,1.4619001276115546,-0.7609783345523793,-2.9897604972924094,1.4010058219099717,-4.2001894582419865,-21.376346168600957,28.572738684573377,3424.7677532984494,7349.260815152027,54.83831145294666,59.03850091118865,639,ENTRY_ONLY,0.22,0.22,0.0,0.05,1,1,0.9029199238972042,0.8540744070273623,True,True,0.8569289270778209,0.9016804932139753,0.8527376221697678,True,True,0.8558064465600619,3713.0509455478777,7403.155983115441,184320,6.634950248756219,0.11875,0.11875,0.1417132092274099,0.11875064426347798,639.9965277777778,grid,184320,640.0,9,9,0.0140625,0.0140625,9,9,0.0140625,0.0140625,58,58,0.090625,0.090625,1952,1952,3.05,3.05,5129,5129,8.0140625,8.0140625,82500,56292,128.90625,87.95625,0.30540364583333335
band_decomposition,W_TRAIN,U8,VOLMATCH_HOLD,8.88888888888889,0.13106185070748624,0.15,0.0838795844527912,0.42881644242643874,-1.1982957967224583,-3.2982455459764637,0.8529069573850987,-1.2790259532542347,-3.4155853475975593,0.8012274134625951,0.8123789196404871,-18.222368711418746,34.466088247284624,1961.0289482499659,7064.035753209803,58.903083660947495,58.09070474130701,639,ENTRY_ONLY,0.28,0.28,0.0,0.05,1,1,0.879693724330495,0.8330347033812034,True,True,0.8348857738058355,0.8786046464146732,0.8321329591824306,True,True,0.8339046103782863,2111.651704047838,7022.788715711613,184320,6.873599910394265,0.1125,0.1125,0.13106256176739148,0.11250061035487388,639.9965277777778,grid,184320,640.0,10,10,0.015625,0.015625,10,10,0.015625,0.015625,52,52,0.08125,0.08125,1650,1650,2.578125,2.578125,3154,3154,4.928125,4.928125,87793,61585,137.1765625,96.2265625,0.3341200086805556
band_decomposition,W_TRAIN,U8,VOLMATCH_HOLD,10.847457627118644,0.09687978244341962,0.1203125,0.06200306076378855,0.32472734913122836,-1.4670118547313953,-3.499634849222279,0.5190592341033533,-1.506175994978682,-3.574076841664477,0.5217715191601325,1.9562418655695666,-13.82226727989637,41.130058504254166,1444.255233808662,6528.579818650995,57.92285426621594,55.966612400646376,639,ENTRY_ONLY,0.35,0.35,0.0,0.05,1,1,0.8442005676023853,0.7987656255012089,True,True,0.8012004913033234,0.843370661598643,0.7980115799283861,True,True,0.8004631956304991,1522.664685143573,6624.215842135892,184320,6.8950376157407405,0.0921875,0.0921875,0.09688030805272975,0.09218800015191055,639.9965277777778,grid,184320,640.0,11,11,0.0171875,0.0171875,11,11,0.0171875,0.0171875,37,37,0.0578125,0.0578125,1150,1150,1.796875,1.796875,2061,2061,3.2203125,3.2203125,115211,89003,180.0171875,139.0671875,0.48287217881944444
band_decomposition,W_TRAIN,U8,VOLMATCH_HOLD,1.1764705882352942,0.6073928250382219,0.89375,0.38873140802446204,0.54675115779283,-1.0261623997228912,-3.157887709707339,1.1996332781973025,-1.4196606648319448,-3.5971658759565632,0.9198484003693361,6.704817715392473,-15.965515644535213,42.149289295822484,1836.1348032726853,7613.986290302997,67.50090329856302,60.796085583170544,639,COUPLED,0.0,0.0,0.0,0.05,1,1,0.9293813006084777,0.8794352585754299,True,True,0.8820424709858133,0.9239717461231414,0.8749245708449113,True,True,0.8769636059808745,2682.0101052460514,7510.47005653663,184320,1.7072379950928847,0.85,0.85,0.6073961203730757,0.8500046115701582,639.9965277777778,grid,184320,640.0,242,242,0.378125,0.378125,242,242,0.378125,0.378125,75,75,0.1171875,0.1171875,2392,2392,3.7375,3.7375,15265,15265,23.8515625,23.8515625,54664,28456,85.4125,44.4625,0.15438368055555557
band_decomposition,W_TRAIN,U8,VOLMATCH_HOLD,2.922374429223744,0.29219074044963295,0.3859375,0.18700207388776507,0.5462167611976382,-0.9528544206758176,-3.092438702172574,1.3333307771470098,-1.136965715187275,-3.30989529890499,1.1867526117501233,3.113393220341713,-18.887938324549516,38.25661258038231,2417.2228659812936,7555.2362753218285,63.955128484070336,60.84173526372862,639,COUPLED,0.005,0.005,0.005,0.05,1,1,0.926714744993806,0.8775702610273001,True,True,0.8795117386568476,0.923829935658591,0.8747885021209577,True,True,0.876829010289091,2885.5078187173767,7509.1620441993855,184320,3.581217807211184,0.3421875,0.3421875,0.29219232569445536,0.34218935649607474,639.9965277777778,grid,184320,640.0,76,76,0.11875,0.11875,76,76,0.11875,0.11875,75,75,0.1171875,0.1171875,2394,2394,3.740625,3.740625,15277,15277,23.8703125,23.8703125,54788,28580,85.60625,44.65625,0.1550564236111111
band_decomposition,W_TRAIN,U8,VOLMATCH_HOLD,3.78698224852071,0.24956952923483094,0.309375,0.15972449871029182,0.5439855682397162,-1.0287141559511455,-3.1895548347862195,1.2411472044337741,-1.1797394585924692,-3.3587244098208817,1.124057755208577,4.96923989281116,-18.575744370349636,39.4123433330847,2333.115624265516,7611.08406782274,65.7312698222791,60.76202992946794,639,COUPLED,0.01,0.01,0.01,0.05,1,1,0.9287255761195765,0.8788658888914543,True,True,0.8814201463833088,0.9260311164563495,0.8768250191805131,True,True,0.8789182034466931,2710.3992951962273,7609.421604117103,184320,4.310194444444445,0.2640625,0.2640625,0.24957088324352905,0.2640639326385234,639.9965277777778,grid,184320,640.0,48,48,0.075,0.075,48,48,0.075,0.075,77,77,0.1203125,0.1203125,2397,2397,3.7453125,3.7453125,15371,15371,24.0171875,24.0171875,55361,29153,86.5015625,45.5515625,0.15816514756944444
band_decomposition,W_TRAIN,U8,VOLMATCH_HOLD,4.776119402985074,0.21647380986248957,0.253125,0.13854323831199333,0.5413996491624492,-1.058776700055375,-3.2065983622872505,1.171778935235253,-1.185524277229857,-3.3697133369131844,1.085245731282035,4.121551830332507,-17.66065899009869,39.25111630451679,2320.403005731118,7613.542010880094,64.91522936308795,60.79367753275544,639,COUPLED,0.02,0.02,0.02,0.05,1,1,0.9293349243235883,0.8793905769774529,True,True,0.8819984569165694,0.9269849290235419,0.8777141924136808,True,True,0.8798234896871703,2638.5992442381457,7633.951550378609,184320,5.018107476635514,0.209375,0.209375,0.21647498431444434,0.2093761359382375,639.9965277777778,grid,184320,640.0,29,29,0.0453125,0.0453125,29,29,0.0453125,0.0453125,78,78,0.121875,0.121875,2427,2427,3.7921875,3.7921875,15144,15144,23.6625,23.6625,55890,29682,87.328125,46.378125,0.16103515625
band_decomposition,W_TRAIN,U8,VOLMATCH_HOLD,5.871559633027523,0.1928833133333439,0.2171875,0.1234453205333401,0.5394717937642933,-1.0059049157834332,-3.0892844306258276,1.2069496165909315,-1.102310599381977,-3.219178202031547,1.1323170195178631,2.1537911482129175,-16.60290505658015,36.625759200686055,2504.611469493585,7561.799045466943,62.97661144995942,60.8228203017465,639,COUPLED,0.04,0.04,0.04,0.05,1,1,0.9298810112650516,0.8800185426765497,True,True,0.8825167284536727,0.9279927497383977,0.8783774142869185,True,True,0.8807800363478129,2804.973879943467,7697.408774263019,184320,5.7673237753882916,0.1703125,0.1703125,0.1928843597979695,0.17031342400946184,639.9965277777778,grid,184320,640.0,16,16,0.025,0.025,16,16,0.025,0.025,77,77,0.1203125,0.1203125,2642,2642,4.128125,4.128125,15677,15677,24.4953125,24.4953125,56056,29848,87.5875,46.6375,0.1619357638888889
band_decomposition,W_TRAIN,U8,VOLMATCH_HOLD,7.032967032967033,0.1735890364719704,0.1828125,0.11109698334206107,0.5254997510094529,-0.875682549492625,-2.9555904447667767,1.2058876111571482,-0.9671502845633149,-3.0729793456346073,1.1467609289199516,-4.1971261403180975,-15.767746802330592,31.2712930477952,2886.8763614734726,7614.001413944976,56.599041414075415,60.79616755439351,639,COUPLED,0.08,0.08,0.08,0.05,1,1,0.9293828793094646,0.8794367795888588,True,True,0.8820439692743183,0.9277819215764038,0.8781743507674783,True,True,0.8805799343144333,3194.2717731190983,7695.421010696997,184320,6.320783132530121,0.1421875,0.1421875,0.1735899782578767,0.14218827142074336,639.9965277777778,grid,184320,640.0,8,8,0.0125,0.0125,8,8,0.0125,0.0125,75,75,0.1171875,0.1171875,2502,2502,3.909375,3.909375,12610,12610,19.703125,19.703125,59436,33228,92.86875,51.91875,0.1802734375
band_decomposition,W_TRAIN,U8,VOLMATCH_HOLD,7.619047619047619,0.16055977547943118,0.171875,0.10275825630683597,0.5247117717698828,-0.7774488373926698,-2.742168577168244,1.265476688557023,-0.8697853265392541,-2.864556635301332,1.1928297416763955,-9.911336145403084,-14.454415670899488,25.693651308252033,3185.8956020157484,7623.073155956789,50.83646031555371,60.74779646095679,639,COUPLED,0.12,0.12,0.12,0.05,1,1,0.9284516079471813,0.8788781590439205,True,True,0.8811601330135619,0.9271261034001388,0.8778495335525232,True,True,0.8799574816527168,3496.4320969977653,7635.230667617771,184320,6.816468253968254,0.13125,0.13125,0.16056064657668895,0.1312507120806862,639.9965277777778,grid,184320,640.0,7,7,0.0109375,0.0109375,7,7,0.0109375,0.0109375,70,70,0.109375,0.109375,2422,2422,3.784375,3.784375,10957,10957,17.1203125,17.1203125,59366,33158,92.759375,51.809375,0.17989366319444444
band_decomposition,W_TRAIN,U8,VOLMATCH_HOLD,8.205128205128204,0.15544090217026327,0.165625,0.0994821773889685,0.5109638124862241,-0.7341594536511988,-2.751748880874568,1.241069601883691,-0.8218560278668894,-2.861708133745943,1.1799530613520057,-5.219951408420911,-15.631500210046127,27.72545301525791,3283.037628003515,7487.673841090476,54.86238778566354,60.082339194084454,639,COUPLED,0.16,0.16,0.16,0.05,1,1,0.9187499679238528,0.8700528304212115,True,True,0.8719526543035976,0.917292664483877,0.8687388593433627,True,True,0.8706243304093148,3592.736259766785,7512.865141348607,184320,6.965515601217656,0.121875,0.121875,0.15544174549570533,0.12187566121778004,639.9965277777778,grid,184320,640.0,5,5,0.0078125,0.0078125,5,5,0.0078125,0.0078125,68,68,0.10625,0.10625,2223,2223,3.4734375,3.4734375,8438,8438,13.184375,13.184375,64085,37877,100.1328125,59.1828125,0.2054958767361111
band_decomposition,W_TRAIN,U8,VOLMATCH_HOLD,9.27536231884058,0.13609984435438896,0.1484375,0.08710390038680893,0.5050840880173066,-0.7625449804541744,-2.824868287019786,1.2537023402340342,-0.8371123889117127,-2.929862629955752,1.19261870495039,-2.4267489201912795,-15.284265195407615,30.16267815350821,3380.809911528235,7830.010163377436,59.70732606475552,62.1340749849468,639,COUPLED,0.22,0.22,0.22,0.05,1,1,0.9547621798892081,0.9036339475596914,True,True,0.9061305535219166,0.9536219722483806,0.9024147881195353,True,True,0.9051053422731797,3653.6937855031183,7861.418463455154,184320,7.816786024305555,0.1078125,0.1078125,0.1361005827473075,0.1078130849234208,639.9965277777778,grid,184320,640.0,5,5,0.0078125,0.0078125,5,5,0.0078125,0.0078125,59,59,0.0921875,0.0921875,1952,1952,3.05,3.05,5129,5129,8.0140625,8.0140625,66449,40241,103.8265625,62.8765625,0.21832139756944444
band_decomposition,W_TRAIN,U8,VOLMATCH_HOLD,10.32258064516129,0.12587199416028758,0.1453125,0.08055807626258406,0.5048730997342841,-1.197302115989592,-3.1571669015498394,0.7574715537456476,-1.2616801554190973,-3.2423970523961843,0.7005360121248513,3.5532969852541356,-13.501903916456184,37.377183725930905,2094.607533929048,7416.348817342152,64.11308945376649,60.559792468512356,639,COUPLED,0.28,0.28,0.28,0.05,1,1,0.9213541296749362,0.8725598558887506,True,True,0.87442417085366,0.9204062343240326,0.8715745359760328,True,True,0.8735794937527317,2250.6137084668594,7478.710680256283,184320,8.780232279693486,0.096875,0.096875,0.1258726770632663,0.09687552558336361,639.9965277777778,grid,184320,640.0,4,4,0.00625,0.00625,4,4,0.00625,0.00625,54,54,0.084375,0.084375,1650,1650,2.578125,2.578125,3154,3154,4.928125,4.928125,63863,37655,99.7859375,58.8359375,0.2042914496527778
band_decomposition,W_TRAIN,U8,VOLMATCH_HOLD,14.222222222222221,0.09421311053310849,0.11875,0.060296390741189435,0.5127388221271106,-1.485373956336655,-3.469369713231428,0.5682039018179158,-1.5331400624465048,-3.546638084946785,0.534650117315173,6.759231444255271,-13.916720921246077,43.236050476176,1634.4488984178488,7592.068392205678,67.46171772474614,60.70248628049087,639,COUPLED,0.35,0.35,0.35,0.05,1,1,0.9275798574411197,0.8780995306898793,True,True,0.8803327858634242,0.9269464087849071,0.8776772639058072,True,True,0.8797869292105992,1722.2048454547785,7633.602515106515,184320,12.0843830749354,0.0703125,0.0703125,0.09421362167471908,0.07031288147179618,639.9965277777778,grid,184320,640.0,2,2,0.003125,0.003125,3,3,0.0046875,0.0046875,40,40,0.0625,0.0625,1150,1150,1.796875,1.796875,2061,2061,3.2203125,3.2203125,60875,34667,95.1171875,54.1671875,0.18808051215277777
r63_reference,W_VAL,U8,VOLMATCH_HOLD,0.41430192962542567,2.528176800047855,2.43013698630137,0.9227845320174671,0.408704161028632,0.604780987858091,-0.3368852089081132,1.6330085680690989,-0.24628278989822538,-1.5851012758006202,1.1299578979908707,7.910577575515845,-23.02678671027434,34.05487181541009,285.4055321207132,377.6996078876227,73.32733907384268,65.41676149832684,364,R63_REF,nan,nan,nan,nan,0,1,0.9442456165635664,0.7502189782880408,True,True,0.7494355557264848,0.8900029406813756,0.7055529523558172,True,True,0.7063188835063312,719.8007997618266,406.2803948284186,105120,0.3378139897323066,2.4136986301369863,2.4136986301369863,2.52820085066477,2.4137215917198604,364.99652777777777,reference,,,,,,,,,,,,,,,,,,,,,,,,,,,
band_decomposition,W_VAL,U8,VOLMATCH_HOLD,0.6347826086956522,1.2301718112967828,1.5917808219178082,0.44901271112332575,0.408704161028632,0.5698726165217731,-0.3410775763235498,1.5492521788070897,0.14251410981774126,-0.8735455262093232,1.2281563715322839,-1.8213183038105498,-29.438281268525863,24.489953889162848,454.27509804392633,406.57999384321613,60.77115224745351,62.59247055126406,364,EXIT_ONLY,0.0,0.0,0.0,0.05,1,1,0.8787941516698832,0.6971211317675089,True,True,0.6974875730138662,0.8596054792999431,0.6810568079727225,True,True,0.6821950295245424,722.2238486991034,421.6637484165168,105120,0.6823842592592593,1.5753424657534247,1.5753424657534247,1.230183513955781,1.5753574520305558,364.99652777777777,grid,105120,365.0,304,290,0.8328767123287671,0.7945205479452054,305,291,0.8356164383561644,0.7972602739726027,9,9,0.024657534246575342,0.024657534246575342,175,175,0.4794520547945205,0.4794520547945205,2295,2282,6.287671232876712,6.252054794520548,71954,46162,197.13424657534247,126.47123287671234,0.43913622526636226
band_decomposition,W_VAL,U8,VOLMATCH_HOLD,1.4777327935222673,0.5343631731245916,0.6958904109589041,0.19504255819047592,0.41392457549536876,0.5599499581024832,-0.36880426519278176,1.5123698371955725,0.3599413261579788,-0.6089715992291604,1.362910974747016,-12.041228430221821,-34.53787067289186,18.487237428070923,577.5172774996046,415.7365232873631,50.04416125661999,62.08538968684181,364,EXIT_ONLY,0.005,0.0,0.005,0.05,1,1,0.8692674373151521,0.6897790386750027,True,True,0.6899263428196832,0.8612372869569427,0.6819598859201794,True,True,0.6834900550909822,712.1108514951699,419.93024929534624,105120,1.5587406015037595,0.6767123287671233,0.6767123287671233,0.5343682565364688,0.6767187663505171,364.99652777777777,grid,105120,365.0,131,123,0.3589041095890411,0.336986301369863,132,124,0.36164383561643837,0.33972602739726027,9,9,0.024657534246575342,0.024657534246575342,150,150,0.410958904109589,0.410958904109589,2369,2356,6.49041095890411,6.454794520547945,71164,45414,194.96986301369864,124.42191780821918,0.4320205479452055
band_decomposition,W_VAL,U8,VOLMATCH_HOLD,2.1987951807228914,0.3626379136422725,0.4767123287671233,0.13236283847942945,0.4191543170635176,0.5790112462257012,-0.33924314777440134,1.5269668189698533,0.44234289120603165,-0.4968271494763006,1.425147126559996,-13.959563242564442,-35.22406769545027,15.248610505478256,626.4963380755405,415.3348903636666,48.16924564388822,62.12880888645266,364,EXIT_ONLY,0.01,0.0,0.01,0.05,1,1,0.8701277233950502,0.6904716835609324,True,True,0.6906091407750696,0.8651494487465735,0.6851054096779344,True,True,0.6865948018519678,725.580129593386,419.8541758850009,105120,2.3314814814814815,0.4547945205479453,0.4547945205479452,0.3626413634269321,0.45479884702099527,364.99652777777777,grid,105120,365.0,85,79,0.2328767123287671,0.21643835616438356,86,80,0.2356164383561644,0.2191780821917808,10,10,0.0273972602739726,0.0273972602739726,159,159,0.43561643835616437,0.43561643835616437,2446,2424,6.701369863013698,6.641095890410959,70329,44688,192.6821917808219,122.43287671232876,0.42511415525114155
band_decomposition,W_VAL,U8,VOLMATCH_HOLD,3.882978723404255,0.2187318851848764,0.27945205479452057,0.07983713809247989,0.43091907866900336,0.5656692542417181,-0.41080615907289497,1.5502626264590058,0.46968611178940617,-0.5363910363848897,1.466939309840953,-11.195337814300807,-37.34734354128434,17.054272667425238,650.4656957064948,419.5078047910989,50.34413376074626,61.53947157504707,364,EXIT_ONLY,0.02,0.0,0.02,0.05,1,1,0.8643245990219866,0.6852576044447928,True,True,0.686003275878069,0.8625243688772135,0.6829978525483831,True,True,0.6845115014518345,714.820126346302,419.14354901289823,105120,3.912815656565657,0.25753424657534246,0.25753424657534246,0.21873396598744488,0.2575366965058648,364.99652777777777,grid,105120,365.0,46,43,0.12602739726027398,0.1178082191780822,47,44,0.12876712328767123,0.12054794520547946,11,11,0.030136986301369864,0.030136986301369864,218,218,0.5972602739726027,0.5972602739726027,2807,2782,7.69041095890411,7.6219178082191785,68529,43141,187.75068493150684,118.1945205479452,0.4103976407914764
band_decomposition,W_VAL,U8,VOLMATCH_HOLD,5.7936507936507935,0.15929719129764255,0.19726027397260273,0.05814347482363953,0.44456632425689774,0.47035560789794517,-0.5968227143987961,1.528327559773274,0.40055117643721394,-0.6891459710327625,1.4818217068054538,-9.101416947235506,-37.98252394370072,22.220608150095043,609.4948702215484,421.12937715604556,52.346752808114395,61.4481697553499,364,EXIT_ONLY,0.04,0.0,0.04,0.05,1,1,0.8581414092661321,0.6799182084655722,True,True,0.6810957579933629,0.8576891827602812,0.6795217171076289,True,True,0.6806742295692918,655.5492639317316,422.75544351755076,105120,5.544270833333333,0.1726027397260274,0.1726027397260274,0.1592987066962984,0.17260438170073916,364.99652777777777,grid,105120,365.0,24,23,0.06575342465753424,0.06301369863013699,25,24,0.0684931506849315,0.06575342465753424,17,16,0.04657534246575343,0.043835616438356165,269,269,0.736986301369863,0.736986301369863,3989,3744,10.92876712328767,10.257534246575343,66199,41250,181.36712328767123,113.01369863013699,0.3924086757990868
band_decomposition,W_VAL,U8,VOLMATCH_HOLD,8.902439024390244,0.12115832549621768,0.136986301369863,0.044222788806119455,0.4830244611541073,0.47076702674861837,-0.56273741905692,1.4942410863452416,0.41457595678850134,-0.6319665701112104,1.450283110859492,-6.304052398065437,-38.04530895106322,21.188924156745177,613.9887989700735,418.3770945721337,55.43868480801293,61.74273720607837,364,EXIT_ONLY,0.08,0.0,0.08,0.05,1,1,0.861578146028133,0.6822764140130699,True,True,0.6838234515933493,0.8616948332258779,0.682346674377296,True,True,0.683853170261792,650.861692821909,419.6209329952014,105120,8.079050925925927,0.11232876712328767,0.11232876712328767,0.12115947807877173,0.11232983571000485,364.99652777777777,grid,105120,365.0,12,11,0.03287671232876712,0.030136986301369864,13,12,0.03561643835616438,0.03287671232876712,19,18,0.052054794520547946,0.049315068493150684,269,269,0.736986301369863,0.736986301369863,4102,3857,11.238356164383562,10.567123287671233,60089,35317,164.62739726027397,96.75890410958904,0.33596841704718416
band_decomposition,W_VAL,U8,VOLMATCH_HOLD,10.428571428571429,0.11341943059613906,0.1232876712328767,0.04139809216759076,0.5110737508654148,0.40853163391988667,-0.5768322136517516,1.3879610424643247,0.35511034942812136,-0.6457295222306796,1.3411050485475002,-4.234009121055486,-34.85251183923293,20.802309538392535,563.0725871344362,407.4538668824149,58.27699519750807,62.51100431856356,364,EXIT_ONLY,0.12,0.0,0.12,0.05,1,1,0.8798586158548274,0.6971936584262493,True,True,0.6983324244953037,0.8799044580968236,0.6971956886370736,True,True,0.6983045853302284,595.2472840096931,408.6784135734788,105120,9.264136904761905,0.0958904109589041,0.0958904109589041,0.11342050955836849,0.09589132316707731,364.99652777777777,grid,105120,365.0,8,7,0.021917808219178082,0.019178082191780823,9,8,0.024657534246575342,0.021917808219178082,21,20,0.057534246575342465,0.0547945205479452,269,269,0.736986301369863,0.736986301369863,4102,3857,11.238356164383562,10.567123287671233,54966,30414,150.5917808219178,83.32602739726028,0.28932648401826483
band_decomposition,W_VAL,U8,VOLMATCH_HOLD,12.586206896551724,0.10357472014301511,0.1095890410958904,0.03780477285220051,0.554240314910699,0.5865163510171623,-0.4680288164757233,1.5241570286973112,0.5500744038583991,-0.5191710379338045,1.498941203181714,-1.2505476831263778,-37.50236954639514,17.315940663485378,698.1666886261949,399.68549429804654,62.106727962493416,63.357275645619794,364,EXIT_ONLY,0.16,0.0,0.16,0.05,1,1,0.8950671589366352,0.7096370448184123,True,True,0.7104032487981853,0.8942949140305428,0.7087710948383185,True,True,0.7097250540766238,725.9902462825918,400.8126277013388,105120,10.74599358974359,0.07945205479452055,0.07945205479452055,0.10357570545223749,0.07945281062414977,364.99652777777777,grid,105120,365.0,4,4,0.010958904109589041,0.010958904109589041,5,4,0.0136986301369863,0.010958904109589041,22,21,0.06027397260273973,0.057534246575342465,269,269,0.736986301369863,0.736986301369863,4083,3838,11.186301369863013,10.515068493150684,48502,24654,132.88219178082193,67.54520547945205,0.23453196347031963
band_decomposition,W_VAL,U8,VOLMATCH_HOLD,13.035714285714286,0.10373930052387371,0.1095890410958904,0.03786484469121391,0.5820001947971924,0.4623817927187248,-0.48086854000122015,1.2690468610163939,0.42617084822189,-0.5346035746655813,1.241933510855788,3.4091229422347666,-29.035664745721057,16.186542417866924,605.6846654797314,392.62699987191644,67.12622619802758,63.717103255792814,364,EXIT_ONLY,0.22,0.0,0.22,0.05,1,1,0.905726300182244,0.7190869041556908,True,True,0.7188632715961117,0.9059777730280462,0.7192824282512374,True,True,0.7189967357150697,629.7221654204291,393.78095447785495,105120,11.281650641025642,0.07671232876712329,0.07671232876712329,0.10374028739875388,0.07671305853366185,364.99652777777777,grid,105120,365.0,3,3,0.00821917808219178,0.00821917808219178,4,3,0.010958904109589041,0.00821917808219178,23,22,0.06301369863013699,0.06027397260273973,269,269,0.736986301369863,0.736986301369863,4083,3838,11.186301369863013,10.515068493150684,44491,20643,121.89315068493151,56.556164383561644,0.1963755707762557
band_decomposition,W_VAL,U8,VOLMATCH_HOLD,13.035714285714286,0.10373930052387371,0.1095890410958904,0.03786484469121391,0.5854329496783516,0.29193878617166324,-0.6110723402292971,1.0656330759695933,0.2600111304599524,-0.6543791698441408,1.0381467271981701,7.972599559911615,-23.325923106877124,17.95416037091731,507.25746826545594,388.5048294848467,72.46840109793432,64.4958015380227,364,EXIT_ONLY,0.28,0.0,0.28,0.05,1,1,0.9234564650709401,0.7328877955952964,True,True,0.7329354745731723,0.9237521550764977,0.733105492897489,True,True,0.7331027359422889,527.4415827623802,391.365545055561,105120,11.350694444444445,0.07671232876712329,0.07671232876712329,0.10374028739875388,0.07671305853366185,364.99652777777777,grid,105120,365.0,3,3,0.00821917808219178,0.00821917808219178,4,3,0.010958904109589041,0.00821917808219178,23,22,0.06301369863013699,0.06027397260273973,269,269,0.736986301369863,0.736986301369863,4083,3838,11.186301369863013,10.515068493150684,43974,20126,120.47671232876712,55.13972602739726,0.19145738203957383
band_decomposition,W_VAL,U8,VOLMATCH_HOLD,13.035714285714286,0.10373930052387371,0.11232876712328767,0.03786484469121391,0.5903429232027178,0.12011848137405523,-0.7999501938516616,0.8991547170457692,0.08463190749365723,-0.8508418579976748,0.8707432572935119,12.106669355921639,-18.42047545260048,20.323553866917017,411.30339432125203,375.71875131634573,77.67634625817884,65.5696769022572,364,EXIT_ONLY,0.35,0.0,0.35,0.05,1,1,0.9473436931625626,0.7526926546726883,True,True,0.7518944591271718,0.9476144537358593,0.7529099565021813,True,True,0.7520401926366134,427.45910208153634,376.9633019287648,105120,11.446180555555555,0.07671232876712329,0.07671232876712329,0.10374028739875388,0.07671305853366185,364.99652777777777,grid,105120,365.0,3,3,0.00821917808219178,0.00821917808219178,4,3,0.010958904109589041,0.00821917808219178,23,22,0.06301369863013699,0.06027397260273973,269,269,0.736986301369863,0.736986301369863,4083,3838,11.186301369863013,10.515068493150684,43259,19411,118.51780821917808,53.18082191780822,0.18465563165905632
band_decomposition,W_VAL,U8,VOLMATCH_HOLD,0.6347826086956522,1.2301718112967828,1.5917808219178082,0.44901271112332575,0.408704161028632,0.5698726165217731,-0.3410775763235498,1.5492521788070897,0.14251410981774126,-0.8735455262093232,1.2281563715322839,-1.8213183038105498,-29.438281268525863,24.489953889162848,454.27509804392633,406.57999384321613,60.77115224745351,62.59247055126406,364,ENTRY_ONLY,0.0,0.0,0.0,0.05,1,1,0.8787941516698832,0.6971211317675089,True,True,0.6974875730138662,0.8596054792999431,0.6810568079727225,True,True,0.6821950295245424,722.2238486991034,421.6637484165168,105120,0.6823842592592593,1.5753424657534247,1.5753424657534247,1.230183513955781,1.5753574520305558,364.99652777777777,grid,105120,365.0,304,290,0.8328767123287671,0.7945205479452054,305,291,0.8356164383561644,0.7972602739726027,9,9,0.024657534246575342,0.024657534246575342,175,175,0.4794520547945205,0.4794520547945205,2295,2282,6.287671232876712,6.252054794520548,71954,46162,197.13424657534247,126.47123287671234,0.43913622526636226
band_decomposition,W_VAL,U8,VOLMATCH_HOLD,1.2852112676056338,0.5985093923170536,0.7945205479452054,0.21845592819572457,0.40214860541002895,0.4915211972878046,-0.3949373745230713,1.4495536865633616,0.2697930291805164,-0.6600264585591418,1.251030156984044,-7.96801323992544,-31.495931653049684,20.07886242964198,526.917971546465,415.1131221722978,54.18087317734495,62.14888641727039,364,ENTRY_ONLY,0.005,0.005,0.0,0.05,1,1,0.8705257603295161,0.6907918708481883,True,True,0.6909250575513283,0.8611493526499496,0.6818493863429651,True,True,0.6834202691850056,665.1106561554476,419.9913124308588,105120,1.344074074074074,0.7780821917808219,0.7780821917808219,0.598515085953716,0.7780895936985702,364.99652777777777,grid,105120,365.0,145,140,0.3972602739726027,0.3835616438356164,146,141,0.4,0.3863013698630137,9,9,0.024657534246575342,0.024657534246575342,176,176,0.4821917808219178,0.4821917808219178,2220,2207,6.082191780821918,6.046575342465753,72888,47056,199.6931506849315,128.92054794520547,0.4476407914764079
band_decomposition,W_VAL,U8,VOLMATCH_HOLD,2.0977011494252875,0.37531229216728945,0.4904109589041096,0.13698898664106066,0.3942504123680818,0.4933667835098935,-0.39438842887482556,1.4706325798319937,0.34532016027546963,-0.5604298489387636,1.3411065188819569,-12.68480424220381,-32.997441949632034,18.22170486374418,569.573239822546,416.04774466822056,49.3725766816865,62.057380923890314,364,ENTRY_ONLY,0.01,0.01,0.0,0.05,1,1,0.8686498538399531,0.6892983516514581,True,True,0.689436174788374,0.8632734107730283,0.6840590509810677,True,True,0.6851059516624668,662.6661142876824,417.708358179337,105120,2.104831560283688,0.4767123287671233,0.4767123287671233,0.3753158625236683,0.47671686374489863,364.99652777777777,grid,105120,365.0,86,85,0.2356164383561644,0.2328767123287671,87,86,0.23835616438356164,0.2356164383561644,8,8,0.021917808219178082,0.021917808219178082,178,178,0.4876712328767123,0.4876712328767123,2098,2086,5.747945205479452,5.715068493150685,73983,48138,202.6931506849315,131.8849315068493,0.4579337899543379
band_decomposition,W_VAL,U8,VOLMATCH_HOLD,3.1196581196581197,0.259681917428422,0.33424657534246577,0.09478389986137405,0.3793937251376274,0.41430366701468285,-0.43793938105606584,1.3828996791091264,0.3136686163186386,-0.5537056794005664,1.2938246201987134,-13.138342560036513,-31.917670715797136,17.93439820330527,549.3408213227838,414.2200225186282,49.08311085533306,62.221453415369574,364,ENTRY_ONLY,0.02,0.02,0.0,0.05,1,1,0.8718716623138382,0.6918651028459033,True,True,0.6919932825807912,0.8676365988510916,0.6884905406396974,True,True,0.6885686392457981,612.7480879209469,418.08627260265934,105120,2.8894675925925926,0.32054794520547947,0.32054794520547947,0.2596843877897975,0.320550994587087,364.99652777777777,grid,105120,365.0,58,57,0.1589041095890411,0.15616438356164383,59,58,0.16164383561643836,0.1589041095890411,8,8,0.021917808219178082,0.021917808219178082,178,178,0.4876712328767123,0.4876712328767123,1941,1929,5.317808219178082,5.284931506849315,76048,50197,208.35068493150686,137.52602739726026,0.47752092846270927
band_decomposition,W_VAL,U8,VOLMATCH_HOLD,5.887096774193548,0.14979494683486783,0.18356164383561643,0.05467515559472676,0.35366268466919126,0.5206314219664919,-0.47227884033921536,1.5821084966858052,0.4563080574832169,-0.5522621269608164,1.5254401694966904,-14.389273602474361,-39.66265494050797,20.17161861475063,652.8976632126734,426.46822804706926,46.580159862432225,60.96943346490659,364,ENTRY_ONLY,0.04,0.04,0.0,0.05,1,1,0.8458545012532767,0.6704140526886155,True,True,0.6713437977266195,0.8440675907373868,0.668942962961669,True,True,0.6698639420641476,699.5545571003139,428.8010557534294,105120,4.803678678678678,0.16986301369863016,0.16986301369863013,0.14979637183840516,0.16986462961025126,364.99652777777777,grid,105120,365.0,29,28,0.07945205479452055,0.07671232876712329,29,28,0.07945205479452055,0.07671232876712329,9,9,0.024657534246575342,0.024657534246575342,180,180,0.4931506849315068,0.4931506849315068,1441,1439,3.947945205479452,3.9424657534246577,80002,53932,219.18356164383562,147.75890410958905,0.5130517503805175
band_decomposition,W_VAL,U8,VOLMATCH_HOLD,11.774193548387096,0.07608799095285432,0.09315068493150686,0.027772116697791827,0.3174667137403061,0.870751786003475,-0.09428339404405786,1.8456039597581266,0.8480105491332919,-0.1319258959698905,1.8426403991847164,-21.30868157749275,-48.3948627803941,9.744812788681184,991.1291771139516,437.22520788269236,38.62005533086382,59.92873690835657,364,ENTRY_ONLY,0.08,0.08,0.0,0.05,1,1,0.8229601005992008,0.6544424852755089,True,True,0.653172807492473,0.8217369607392572,0.6546279983744304,True,True,0.6521420392171787,1019.680089191203,440.0377961087165,105120,8.407894736842104,0.08493150684931508,0.08493150684931507,0.07608871478004972,0.08493231480512563,364.99652777777777,grid,105120,365.0,12,12,0.03287671232876712,0.03287671232876712,12,12,0.03287671232876712,0.03287671232876712,7,7,0.019178082191780823,0.019178082191780823,0,0,0.0,0.0,879,879,2.408219178082192,2.408219178082192,85320,59112,233.75342465753425,161.95068493150686,0.5623287671232877
band_decomposition,W_VAL,U8,VOLMATCH_HOLD,16.59090909090909,0.05342035318454023,0.06575342465753424,0.019498428912357185,0.2756023299379678,0.8210105458258066,-0.12206769698331761,1.7902674985310418,0.803990489289053,-0.14849243096070955,1.7808977953959828,-17.502561452599494,-49.7425767537362,9.74189322389094,1009.8258551568953,464.9046939506878,39.656933470388935,57.15949492298843,364,ENTRY_ONLY,0.12,0.12,0.0,0.05,1,1,0.7856343307288788,0.6233009089668425,True,True,0.6235478258192851,0.7848376858720283,0.6230416573657995,True,True,0.6228582543720848,1030.3352320888157,466.68433304613757,105120,10.638621794871796,0.06027397260273973,0.06027397260273973,0.05342086137386077,0.06027454599073431,364.99652777777777,grid,105120,365.0,9,9,0.024657534246575342,0.024657534246575342,9,9,0.024657534246575342,0.024657534246575342,4,4,0.010958904109589041,0.010958904109589041,0,0,0.0,0.0,562,562,1.5397260273972602,1.5397260273972602,91497,65289,250.6767123287671,178.8739726027397,0.6210901826484019
band_decomposition,W_VAL,U8,VOLMATCH_HOLD,21.470588235294116,0.043681464482303346,0.052054794520547946,0.01594373453604072,0.2605419832865264,0.7217010588544766,-0.21453517065605684,1.6982143084011803,0.7083576955140019,-0.23765354247639142,1.6885213551807232,-14.621092008296877,-48.716307007975615,11.65532986992605,917.9600824975902,464.7773859734841,42.50429682444795,57.125388832744825,364,ENTRY_ONLY,0.16,0.16,0.0,0.05,1,1,0.7707836678715806,0.6116838246454293,True,True,0.6117610464303901,0.7697574629337706,0.6108355969502844,True,True,0.6108903768045992,933.3023811785525,466.61406322100186,105120,13.087152777777778,0.04657534246575343,0.04657534246575343,0.043681880025302065,0.046575785538294695,364.99652777777777,grid,105120,365.0,7,7,0.019178082191780823,0.019178082191780823,7,7,0.019178082191780823,0.019178082191780823,3,3,0.00821917808219178,0.00821917808219178,0,0,0.0,0.0,231,231,0.6328767123287671,0.6328767123287671,93637,67429,256.53972602739725,184.73698630136985,0.6414478691019787
band_decomposition,W_VAL,U8,VOLMATCH_HOLD,26.071428571428573,0.02904916398580368,0.0410958904109589,0.010602944854818344,0.2302251802324503,0.4719028458648309,-0.43384813982185405,1.4073470320479426,0.4686877895276803,-0.4352477615437414,1.405766347314179,-9.464528359347163,-44.06547269344445,16.744075577194536,779.9108814510373,500.6884182404268,43.66698008726308,53.13150844661024,364,ENTRY_ONLY,0.22,0.22,0.0,0.05,1,1,0.7069475744723058,0.560104576137335,True,True,0.5610951632185588,0.706507052191189,0.558763438715164,True,True,0.5606939589558959,788.5087185326945,504.9228019430683,105120,16.71279761904762,0.038356164383561646,0.038356164383561646,0.029049440331316727,0.038356529266830926,364.99652777777777,grid,105120,365.0,7,7,0.019178082191780823,0.019178082191780823,7,7,0.019178082191780823,0.019178082191780823,0,0,0.0,0.0,0,0,0.0,0.0,35,35,0.0958904109589041,0.0958904109589041,97635,71427,267.4931506849315,195.6904109589041,0.679480593607306
band_decomposition,W_VAL,U8,VOLMATCH_HOLD,36.5,0.02138271140000257,0.030136986301369864,0.007804689661000939,0.19833208233531516,0.5550547322417327,-0.41254354278402366,1.4792026037373123,0.5421010749976071,-0.43633781111977005,1.470085687829403,-3.270424026417807,-49.74901705299357,18.23039609176764,872.6193896350876,520.1610233567458,48.42796125454222,51.698385280960025,364,ENTRY_ONLY,0.28,0.28,0.0,0.05,1,1,0.6858312730283018,0.5443187077146694,True,True,0.5443354273723191,0.6852397079670628,0.5446462214176779,True,True,0.5438158946923899,879.8177471621977,518.0373137217468,105120,20.12013888888889,0.0273972602739726,0.0273972602739726,0.021382914814336802,0.027397520904879232,364.99652777777777,grid,105120,365.0,5,5,0.0136986301369863,0.0136986301369863,5,5,0.0136986301369863,0.0136986301369863,0,0,0.0,0.0,0,0,0.0,0.0,0,0,0.0,0.0,102355,76147,280.4246575342466,208.62191780821917,0.7243816590563166
band_decomposition,W_VAL,U8,VOLMATCH_HOLD,60.833333333333336,0.0129163343929988,0.019178082191780823,0.004714462053444562,0.16977964682094562,0.6816553267144199,-0.04194555885751674,1.441162562952884,0.6789539311857644,-0.047207329277450694,1.4412799212519247,-17.276226152351267,-52.587795047591975,3.8223347643455727,1067.7626655307333,553.6524134327831,30.857814381629208,48.134040533980475,364,ENTRY_ONLY,0.35,0.35,0.0,0.05,1,1,0.6138007370542866,0.48624606377261537,True,True,0.4871657208785548,0.6135307003233338,0.4860216762608899,True,True,0.4869066150696854,1072.8423741649174,555.1131671692867,105120,28.800925925925924,0.01643835616438356,0.01643835616438356,0.012916457266450725,0.01643851254292754,364.99652777777777,grid,105120,365.0,3,3,0.00821917808219178,0.00821917808219178,3,3,0.00821917808219178,0.00821917808219178,0,0,0.0,0.0,0,0,0.0,0.0,0,0,0.0,0.0,106444,80236,291.627397260274,219.82465753424657,0.7632800608828006
band_decomposition,W_VAL,U8,VOLMATCH_HOLD,0.6347826086956522,1.2301718112967828,1.5917808219178082,0.44901271112332575,0.408704161028632,0.5698726165217731,-0.3410775763235498,1.5492521788070897,0.14251410981774126,-0.8735455262093232,1.2281563715322839,-1.8213183038105498,-29.438281268525863,24.489953889162848,454.27509804392633,406.57999384321613,60.77115224745351,62.59247055126406,364,COUPLED,0.0,0.0,0.0,0.05,1,1,0.8787941516698832,0.6971211317675089,True,True,0.6974875730138662,0.8596054792999431,0.6810568079727225,True,True,0.6821950295245424,722.2238486991034,421.6637484165168,105120,0.6823842592592593,1.5753424657534247,1.5753424657534247,1.230183513955781,1.5753574520305558,364.99652777777777,grid,105120,365.0,304,290,0.8328767123287671,0.7945205479452054,305,291,0.8356164383561644,0.7972602739726027,9,9,0.024657534246575342,0.024657534246575342,175,175,0.4794520547945205,0.4794520547945205,2295,2282,6.287671232876712,6.252054794520548,71954,46162,197.13424657534247,126.47123287671234,0.43913622526636226
band_decomposition,W_VAL,U8,VOLMATCH_HOLD,1.9414893617021276,0.414573022045452,0.5342465753424658,0.15131915304658997,0.40933693034499835,0.4406023852087858,-0.48331150993102484,1.4111264609199439,0.289882866426205,-0.6684543668888295,1.3118517073332867,-9.0280691252377,-32.07123738597195,20.163305022275974,539.53695759878,416.4911720624704,52.793583841027036,61.821652966264736,364,COUPLED,0.005,0.005,0.005,0.05,1,1,0.8631147858999608,0.6839568777044055,True,True,0.6850430628217138,0.8573119398599381,0.679175498114866,True,True,0.680374844284141,636.8462182129464,423.09135646137605,105120,1.9917408306364617,0.5150684931506849,0.5150684931506849,0.4145769658902572,0.5150733930117296,364.99652777777777,grid,105120,365.0,96,93,0.26301369863013696,0.2547945205479452,97,94,0.26575342465753427,0.25753424657534246,9,9,0.024657534246575342,0.024657534246575342,166,166,0.4547945205479452,0.4547945205479452,2269,2256,6.2164383561643834,6.1808219178082195,71843,46037,196.83013698630137,126.12876712328767,0.43794710806697107
band_decomposition,W_VAL,U8,VOLMATCH_HOLD,3.3181818181818183,0.24848353977857884,0.32054794520547947,0.09069649201918129,0.4046906048974628,0.4766716852067997,-0.46147993474077525,1.4722598580305117,0.3668195689937035,-0.5886350929835655,1.381909959602879,-11.642424841228042,-34.76931313056404,19.512993235092527,586.544308875772,419.2949073685595,49.97459134537054,61.61701618659858,364,COUPLED,0.01,0.01,0.01,0.05,1,1,0.8661939608619204,0.6860068337674066,True,True,0.6874869642371034,0.8633508853675053,0.68412174277498,True,True,0.6851674365930999,651.6272733527148,417.6663309008102,105120,3.279681899641577,0.3013698630136986,0.3013698630136986,0.24848590360947323,0.30137272995367154,364.99652777777777,grid,105120,365.0,52,51,0.14246575342465753,0.13972602739726028,53,52,0.14520547945205478,0.14246575342465753,10,10,0.0273972602739726,0.0273972602739726,230,230,0.6301369863013698,0.6301369863013698,2178,2166,5.967123287671233,5.934246575342466,72385,46558,198.31506849315068,127.55616438356165,0.44290334855403346
band_decomposition,W_VAL,U8,VOLMATCH_HOLD,5.2898550724637685,0.15969568248683355,0.21095890410958903,0.05828892410769424,0.4053015371576983,0.4930762924166808,-0.4085461540034666,1.442477524160336,0.42204709953900005,-0.48086687853499577,1.3770925175144597,-10.5123878360911,-34.93800577982938,16.66850518714327,622.7341624972563,421.12661710722193,50.9360350565933,61.4484228926844,364,COUPLED,0.02,0.02,0.02,0.05,1,1,0.8581464755455037,0.6799222991256998,True,True,0.6810997790338948,0.8572195524234095,0.6795033318524013,True,True,0.6803015243117722,669.7632127459335,422.2117172988981,105120,4.9546070460704605,0.18904109589041096,0.18904109589041096,0.1596972016763472,0.18904289424366671,364.99652777777777,grid,105120,365.0,31,30,0.08493150684931507,0.0821917808219178,32,31,0.08767123287671233,0.08493150684931507,10,10,0.0273972602739726,0.0273972602739726,231,231,0.6328767123287671,0.6328767123287671,2140,2128,5.863013698630137,5.83013698630137,72430,46616,198.43835616438355,127.71506849315068,0.443455098934551
band_decomposition,W_VAL,U8,VOLMATCH_HOLD,8.488372093023257,0.11321735925935114,0.13972602739726028,0.041324336129663165,0.3945355073434071,0.39871995207968125,-0.6018579742346928,1.4575315054584224,0.3513824325076135,-0.6731265708754993,1.4189242661632053,-12.265417111013981,-36.515402409212534,21.615158206854392,594.4804435078387,431.12669317462746,48.13708440882529,60.40250151983927,364,COUPLED,0.04,0.04,0.04,0.05,1,1,0.8365720613772519,0.6644222789222278,True,True,0.6639764450326205,0.836658470142146,0.6645028857494589,True,True,0.6639839594850027,628.7925287999517,435.28134929361715,105120,7.046502976190476,0.11780821917808217,0.1178082191780822,0.11321843629927028,0.1178093398909807,364.99652777777777,grid,105120,365.0,16,15,0.043835616438356165,0.0410958904109589,16,15,0.043835616438356165,0.0410958904109589,13,13,0.03561643835616438,0.03561643835616438,271,271,0.7424657534246575,0.7424657534246575,1650,1648,4.52054794520548,4.515068493150685,74317,48297,203.60821917808218,132.32054794520548,0.45944634703196346
band_decomposition,W_VAL,U8,VOLMATCH_HOLD,14.038461538461538,0.07284068623784291,0.0958904109589041,0.026586850476812664,0.42720249778519054,0.543611233191285,-0.47655450585664016,1.5759771098209754,0.519421585801171,-0.5155969093822909,1.5661183839217128,-16.46491484516158,-39.26227651607196,18.60501915281184,696.6467384376782,427.19404040681417,44.441898802440576,60.906813647602156,364,COUPLED,0.08,0.08,0.08,0.05,1,1,0.8446110172341824,0.6693942097857156,True,True,0.6703568605139497,0.8438692215091924,0.6687794911450999,True,True,0.6697065134474814,715.976742111867,428.89406065931666,105120,11.862268518518519,0.07123287671232877,0.07123287671232877,0.07284137917333734,0.07123355435268601,364.99652777777777,grid,105120,365.0,8,8,0.021917808219178082,0.021917808219178082,9,9,0.024657534246575342,0.024657534246575342,9,9,0.024657534246575342,0.024657534246575342,0,0,0.0,0.0,887,887,2.43013698630137,2.43013698630137,69834,43626,191.32602739726028,119.52328767123288,0.41501141552511417
band_decomposition,W_VAL,U8,VOLMATCH_HOLD,21.470588235294116,0.04711352792690593,0.07123287671232877,0.017196437693320663,0.418327728069535,0.5892856523206049,-0.46738379786261897,1.6684768207282914,0.5745076576481531,-0.48864424668255096,1.658233971301572,-14.641709802497928,-43.55716820591326,17.63965110358483,731.9483347059235,424.87042901355926,46.3726281651153,61.01433796761323,364,COUPLED,0.12,0.12,0.12,0.05,1,1,0.8502707525115564,0.6739546147710745,True,True,0.6748489193368439,0.8496625588241317,0.6733634698023342,True,True,0.6743041876314911,745.1015112445239,426.5028272409171,105120,18.966224747474747,0.04657534246575343,0.04657534246575343,0.0471139761192206,0.046575785538294695,364.99652777777777,grid,105120,365.0,6,6,0.01643835616438356,0.01643835616438356,7,7,0.019178082191780823,0.019178082191780823,4,4,0.010958904109589041,0.010958904109589041,0,0,0.0,0.0,562,562,1.5397260273972602,1.5397260273972602,71243,45035,195.186301369863,123.38356164383562,0.4284151445966514
band_decomposition,W_VAL,U8,VOLMATCH_HOLD,30.416666666666668,0.03578909430665064,0.057534246575342465,0.013063019421927486,0.37874836515907906,0.6013162565653491,-0.37450629953435954,1.610766769909842,0.5893103538588945,-0.39251189364950584,1.6007066522048299,-21.034026900369497,-42.620101142785806,14.833119902870394,761.5401341861142,435.37854108360443,39.172989988538355,60.20701688890785,364,COUPLED,0.16,0.16,0.16,0.05,1,1,0.839019383884737,0.666577425287316,True,True,0.6659188533120616,0.8385309402332273,0.6661092925638579,True,True,0.6654699781526702,772.2716810459979,436.5921501328799,105120,24.042100694444443,0.03287671232876712,0.03287671232876712,0.03578943476931018,0.03287702508585508,364.99652777777777,grid,105120,365.0,4,4,0.010958904109589041,0.010958904109589041,5,5,0.0136986301369863,0.0136986301369863,3,3,0.00821917808219178,0.00821917808219178,0,0,0.0,0.0,231,231,0.6328767123287671,0.6328767123287671,75935,49727,208.04109589041096,136.23835616438356,0.47304984779299847
band_decomposition,W_VAL,U8,VOLMATCH_HOLD,40.55555555555556,0.023030090475209097,0.052054794520547946,0.00840598302345132,0.40730532930071184,0.2103817659034889,-0.8355088056147657,1.3101636120228295,0.21175055893099615,-0.8328664422689128,1.3147148827874358,-4.2276067334677805,-35.12143383422136,24.094533119533278,517.9796213808931,431.9048968653881,56.06393143585713,60.29153816932491,364,COUPLED,0.22,0.22,0.22,0.05,1,1,0.8344125880270162,0.6626564818379678,True,True,0.6622624989131772,0.8340938752754092,0.6624307850540608,True,True,0.66194866083584,522.6563837650874,436.74974296802327,105120,41.764583333333334,0.024657534246575342,0.024657534246575342,0.023030309561106747,0.024657768814391308,364.99652777777777,grid,105120,365.0,4,4,0.010958904109589041,0.010958904109589041,5,5,0.0136986301369863,0.0136986301369863,0,0,0.0,0.0,0,0,0.0,0.0,35,35,0.0958904109589041,0.0958904109589041,71187,44979,195.03287671232877,123.23013698630137,0.4278824200913242
band_decomposition,W_VAL,U8,VOLMATCH_HOLD,73.0,0.015362894839721957,0.038356164383561646,0.005607456616498515,0.3642994395682112,0.4851393374108794,-0.5620037145859513,1.4986891786265768,0.48109046746715367,-0.5686863188833184,1.497426062364515,-5.246303053171843,-39.68717075960211,22.091666977999353,701.5439939808012,446.3756703959246,53.571291596229486,58.81759464940133,364,COUPLED,0.28,0.28,0.28,0.05,1,1,0.8047377830407468,0.6394904824842188,True,True,0.6387099892950797,0.8045256589808292,0.639311495955377,True,True,0.6384829074480225,705.7880932366616,447.6077077151507,105120,61.848379629629626,0.0136986301369863,0.0136986301369863,0.015363040987372142,0.013698760452439616,364.99652777777777,grid,105120,365.0,2,2,0.005479452054794521,0.005479452054794521,3,3,0.00821917808219178,0.00821917808219178,0,0,0.0,0.0,0,0,0.0,0.0,0,0,0.0,0.0,77891,51683,213.4,141.5972602739726,0.49165715372907154
band_decomposition,W_VAL,U8,VOLMATCH_HOLD,91.25,0.015022183100128891,0.038356164383561646,0.0054830968315470454,0.4446034535870463,0.1441652807987569,-0.8165108663466312,1.092981179682947,0.1403428719066404,-0.822361134154819,1.0913096515341938,3.5147590862638936,-30.50656296870871,24.05860305428841,482.75583149209757,432.419762775023,63.795833430068626,60.28107434380473,364,COUPLED,0.35,0.35,0.35,0.05,1,1,0.8402982902812419,0.6680243380483086,True,True,0.666933904808382,0.8400527631648919,0.6678696066924679,True,True,0.666677718290208,485.6226458997163,433.67754194223033,105120,72.84953703703704,0.010958904109589041,0.010958904109589041,0.015022326006578728,0.010959008361951694,364.99652777777777,grid,105120,365.0,1,1,0.0027397260273972603,0.0027397260273972603,2,2,0.005479452054794521,0.005479452054794521,1,1,0.0027397260273972603,0.0027397260273972603,0,0,0.0,0.0,0,0,0.0,0.0,68386,42178,187.35890410958905,115.55616438356165,0.40123668188736683
