window,population,horizon_days,n_events,n_events_nonoverlap,mean_fwd_log_ret,mean_fwd_lo,mean_fwd_hi,mean_fwd_nonoverlap,mean_fwd_nonoverlap_lo,mean_fwd_nonoverlap_hi,uncond_mean_fwd_log_ret,stopping_premium_flat,stopping_premium_flat_lo,stopping_premium_flat_hi,stopping_premium_rotate,stopping_premium_rotate_lo,stopping_premium_rotate_hi,p_negative,autocorr_h
PRE_HOLDOUT,all_assets,0.25,5170,1629,0.0015273916088064683,-0.00011646409857505227,0.0033297408010450054,0.0016240832635422435,-0.000590161059675584,0.004219644481203702,0.00011888876719883393,-0.0015273916088064683,-0.0033297408010450054,0.00011646409857505227,-0.0004009091013211767,-0.0011084427152483636,0.0002664214522760214,0.4671179883945841,-0.02354341560146463
PRE_HOLDOUT,all_assets,0.5,5169,1218,0.0017059096625530725,-0.0011751927137504696,0.0045695983779285255,0.0008328444507568242,-0.0028850127116144876,0.004981535115747285,0.0002383061197248694,-0.0017059096625530725,-0.0045695983779285255,0.0011751927137504696,0.00027384967915963353,-0.0007437343704730831,0.0012505131963742575,0.4596633778293674,-0.014300224373809687
PRE_HOLDOUT,all_assets,1.0,5169,886,0.0011891506813410807,-0.004298170260549852,0.006036922806914357,0.0006678962759265731,-0.005129527746665756,0.007282157342975402,0.0004759143460063088,-0.0011891506813410807,-0.006036922806914357,0.004298170260549852,0.0013125620927775983,-0.0003217358514426584,0.0028592200740068067,0.4643064422518862,-0.07844988133807565
PRE_HOLDOUT,all_assets,2.0,5169,647,0.00017170881228618983,-0.007826480602544601,0.008257262169053425,0.004670892466866968,-0.005378994059792374,0.01617380732688027,0.0008998023407115577,-0.00017170881228618983,-0.008257262169053425,0.007826480602544601,0.0018273874006982927,-0.0009860778071777887,0.004344335201165771,0.5089959373186302,-0.01935222739762783
PRE_HOLDOUT,all_assets,3.0,5163,531,-0.003017226651003954,-0.01495233393877136,0.008281440494330316,0.004834266044546694,-0.008181903114219798,0.01884071090367846,0.001316510388800527,0.003017226651003954,-0.008281440494330316,0.01495233393877136,0.004016534393547114,0.00037100566107563286,0.007883166203260414,0.505326360643037,0.02305006789934207
PRE_HOLDOUT,all_assets,5.0,5144,427,-0.0034318779799675622,-0.02092339407521729,0.014213551985317284,0.0030170295318967563,-0.02238830526666204,0.0279654155069573,0.0022061958497725112,0.0034318779799675622,-0.014213551985317284,0.02092339407521729,0.0031997577694010087,-0.0017574645373522704,0.008273730207877148,0.49708398133748055,0.05893001123301583
PRE_HOLDOUT,all_assets,7.0,5143,355,0.0034061328835631693,-0.017898089875491557,0.022185124639134787,0.008628643653556842,-0.022864220848765465,0.04280271896325476,0.0029559048458112857,-0.0034061328835631693,-0.022185124639134787,0.017898089875491557,0.003124811819119864,-0.0023104744923404075,0.008961800934376719,0.4839587789228077,-0.037998378758270425
PRE_HOLDOUT,all_assets,10.0,5126,297,0.004545223241182681,-0.021005232795184663,0.02885084553466299,0.010322321326418735,-0.024284800397887503,0.046517027078960306,0.0039053532221553257,-0.004545223241182681,-0.02885084553466299,0.021005232795184663,0.0058161483348765355,-0.0010941346304659755,0.012653647314619163,0.4910261412407335,-0.022166170722130125
PRE_HOLDOUT,all_assets,14.0,5108,248,0.01125614001108723,-0.019625035088935646,0.04459364074676466,0.03410253468300855,-0.016469681742315178,0.09162639201430998,0.005331195762549659,-0.01125614001108723,-0.04459364074676466,0.019625035088935646,0.006982617306799901,-0.002352195942101564,0.016569834494029857,0.5207517619420516,-0.06131044041380729
PRE_HOLDOUT,all_assets,21.0,5073,202,0.022214585444498308,-0.018584056626867067,0.06634833846483815,0.03299908648608636,-0.04583101959817962,0.12689882044866535,0.008242842612044558,-0.022214585444498308,-0.06634833846483815,0.018584056626867067,0.007547051794527172,-0.0031194424047503153,0.018179159700201696,0.495170510546028,0.17487246669094464
PRE_HOLDOUT,all_assets,30.0,5006,166,0.013259013702976627,-0.03438961910838572,0.06115184124506826,0.029252634833652428,-0.06612060579731173,0.12282241993481623,0.011450767218616481,-0.013259013702976627,-0.06115184124506826,0.03438961910838572,0.010314584837637877,-0.002314634005789098,0.024068583489252036,0.5035956851777866,0.1326231737496709
PRE_HOLDOUT,incumbent,0.25,549,225,0.0004291679321797805,-0.003743286230971218,0.005249631543416402,0.0010855227295633325,-0.0029958548717315832,0.006192243818881159,0.00011888876719883393,-0.0004291679321797805,-0.005249631543416402,0.003743286230971218,-0.0009260319347284546,-0.003704850971612724,0.001875412964962984,0.51183970856102,-0.02354341560146463
PRE_HOLDOUT,incumbent,0.5,548,180,0.0009435627034318462,-0.0039879068189899326,0.0061368627144909454,0.00046391113876185033,-0.0028740013267217934,0.00389131550443628,0.0002383061197248694,-0.0009435627034318462,-0.0061368627144909454,0.0039879068189899326,-0.0019158439355638403,-0.006429836988902205,0.002271476473248319,0.48905109489051096,-0.014300224373809687
PRE_HOLDOUT,incumbent,1.0,548,138,0.005036216750514752,-0.003654555559937044,0.013837116364957432,0.0009259012844157014,-0.006546607337996953,0.009645469243281935,0.0004759143460063088,-0.005036216750514752,-0.013837116364957432,0.003654555559937044,-0.0008755776927619101,-0.007051706670796392,0.00529128438876992,0.4197080291970803,-0.07844988133807565
PRE_HOLDOUT,incumbent,2.0,548,114,0.008626594733241698,-0.0029950927143963016,0.022532818125914802,-0.001360560164483653,-0.014026717244738687,0.01126472124186621,0.0008998023407115577,-0.008626594733241698,-0.022532818125914802,0.0029950927143963016,-0.0030189260696566527,-0.013850450329309717,0.006595555356018107,0.4562043795620438,-0.01935222739762783
PRE_HOLDOUT,incumbent,3.0,542,97,0.004595416219271419,-0.019989025165545342,0.02949090985422111,0.005210583989299817,-0.009741410751121662,0.02233021700496229,0.001316510388800527,-0.004595416219271419,-0.02949090985422111,0.019989025165545342,-0.003673821784666498,-0.021669867107126716,0.012914473005877088,0.477859778597786,0.02305006789934207
PRE_HOLDOUT,incumbent,5.0,533,82,-0.009526847873369574,-0.03897379066342123,0.019497933081768656,-0.010592393136646965,-0.03313263417971169,0.010735759984474921,0.0022061958497725112,0.009526847873369574,-0.019497933081768656,0.03897379066342123,-0.002611312547646731,-0.019904332226481372,0.015723366305625038,0.4878048780487805,0.05893001123301583
PRE_HOLDOUT,incumbent,7.0,533,73,-0.011027700739032245,-0.041215757269765854,0.020669304705271535,1.0757605452796806e-05,-0.03452326889460701,0.035744133919005563,0.0029559048458112857,0.011027700739032245,-0.020669304705271535,0.041215757269765854,-0.0038224777971371726,-0.02882967748111041,0.019382375859688435,0.551594746716698,-0.037998378758270425
PRE_HOLDOUT,incumbent,10.0,516,66,-0.020995282650688653,-0.06659406754054241,0.027878802698538437,-0.006494618715385351,-0.03971624412781268,0.027512807153035824,0.0039053532221553257,0.020995282650688653,-0.027878802698538437,0.06659406754054241,-0.001273885524225558,-0.036017444691899075,0.028886962586777917,0.6182170542635659,-0.022166170722130125
PRE_HOLDOUT,incumbent,14.0,498,62,-0.03543192909262283,-0.09627617958254601,0.03216948387282659,0.017754664688606325,-0.024294687497379525,0.06536646839543765,0.005331195762549659,0.03543192909262283,-0.03216948387282659,0.09627617958254601,0.005324971768513353,-0.04028746955850922,0.0456908021061487,0.6666666666666666,-0.06131044041380729
PRE_HOLDOUT,incumbent,21.0,484,55,-0.07002161817724073,-0.1439176442533087,0.007576244326725439,0.0012798087464531785,-0.0687704487547898,0.07487054003103062,0.008242842612044558,0.07002161817724073,-0.007576244326725439,0.1439176442533087,0.02296930727966717,-0.018516107253285806,0.05662683403065838,0.6776859504132231,0.17487246669094464
PRE_HOLDOUT,incumbent,30.0,484,49,-0.10021326542837067,-0.21341514669161676,0.008463536162102905,-0.03477654961526205,-0.1367670848363955,0.06566668446123952,0.011450767218616481,0.10021326542837067,-0.008463536162102905,0.21341514669161676,0.024157245682975288,-0.021967355426623626,0.06317205247547415,0.6198347107438017,0.1326231737496709
FULL,all_assets,0.25,11487,3733,0.000893469429111636,-4.2324175896793106e-05,0.0018362665394608471,0.0012034927104833575,7.713193627929225e-05,0.0024622699709457192,5.628231048460353e-05,-0.000893469429111636,-0.0018362665394608471,4.2324175896793106e-05,-0.00045997858662532286,-0.0008558048661145492,-8.135130012612792e-05,0.47758335509706623,-0.02493908097934171
FULL,all_assets,0.5,11484,2821,0.0006774148404184297,-0.000938172851685848,0.002155161098758183,0.0008857105034971832,-0.0009643944170566569,0.0028431418746479777,0.00010980337160211448,-0.0006774148404184297,-0.002155161098758183,0.000938172851685848,0.00010133906920074398,-0.0004801439973062394,0.000703667290753793,0.4800592128178335,-0.013037963760011028
FULL,all_assets,1.0,11482,2073,0.0003049079840976789,-0.002434763742630775,0.0030663875176641237,0.0005816114473373949,-0.0025161466275034753,0.003795458451054414,0.00021580624610589911,-0.0003049079840976789,-0.0030663875176641237,0.002434763742630775,0.0006034717250083363,-0.00035035190944584295,0.0015933636603450666,0.4832781745340533,-0.049654471067905395
FULL,all_assets,2.0,11482,1520,-0.0007212343827983222,-0.0051245409272313615,0.003512319129036111,0.0024613659099314133,-0.002678559718713424,0.008391009947525152,0.00040605162064482513,0.0007212343827983222,-0.003512319129036111,0.0051245409272313615,0.001062724769972747,-0.0004849351878769206,0.0025547309305653993,0.5152412471694827,-0.0038352542014157874
FULL,all_assets,3.0,11482,1257,-0.0023263859539607305,-0.008510745130047665,0.003620545212292342,0.0023456170483323983,-0.004530459260930422,0.009022667672548031,0.0005885243194594364,0.0023263859539607305,-0.003620545212292342,0.008510745130047665,0.0017995529142089716,-0.0002880871445816243,0.003888923517466229,0.5121929977355861,0.014859895777665387
FULL,all_assets,5.0,11482,1001,-0.001722272606977325,-0.011165779159887005,0.0070764586790546865,0.0018343481246880535,-0.010192655470300944,0.014394133358156428,0.0009547892259166996,0.001722272606977325,-0.0070764586790546865,0.011165779159887005,0.001133043965223983,-0.0016145130150790456,0.003953980610841905,0.5074899843232886,0.017782993487242885
FULL,all_assets,7.0,11482,837,0.003204502368772138,-0.007816897822339807,0.014167206815694198,0.0015508693334542467,-0.013639639091112333,0.018254338606345268,0.0012444302616963843,-0.003204502368772138,-0.014167206815694198,0.007816897822339807,0.0003551029491106265,-0.003123650317533994,0.003887366670666002,0.49695175056610347,-0.06648926412509731
FULL,all_assets,10.0,11456,708,0.0032892989629825053,-0.01068338082490933,0.017475399409977957,0.005090334708142874,-0.013063479759166356,0.024758634476245295,0.0016217568884710342,-0.0032892989629825053,-0.017475399409977957,0.01068338082490933,0.0008000408624561092,-0.003781502278753562,0.00506471216198685,0.5017458100558659,-0.01614093416999913
FULL,all_assets,14.0,11403,594,0.002229931474472424,-0.015930123897500988,0.0205812850246873,0.014039349637588482,-0.012132780026110698,0.04471348788677093,0.0022175516212191997,-0.002229931474472424,-0.0205812850246873,0.015930123897500988,0.0016638378135119202,-0.003951624748594172,0.007120600588221754,0.5285451197053407,-0.010436272042165774
FULL,all_assets,21.0,11345,469,0.003952270336605493,-0.0194992049973711,0.028132814128387803,0.01464258611999491,-0.02499543480843404,0.058739615507008326,0.003127048558838212,-0.003952270336605493,-0.028132814128387803,0.0194992049973711,0.00046548785137235906,-0.006332455262429908,0.006859573128542807,0.5267518730718378,0.07252899467741993
FULL,all_assets,30.0,11312,385,-0.0048897862325644895,-0.03269018799841989,0.022331378121355064,0.004831801084296053,-0.04327376794664887,0.05680565951735088,0.00406199767758339,0.0048897862325644895,-0.022331378121355064,0.03269018799841989,0.003951880139512546,-0.004351660794166128,0.01171845253686047,0.5320898161244696,0.07743926103935371
FULL,incumbent,0.25,1314,519,0.00027621919124564033,-0.00203908392084624,0.002725731571439215,0.0003950006239421366,-0.0018450840338265799,0.003006489750205158,5.628231048460353e-05,-0.00027621919124564033,-0.002725731571439215,0.00203908392084624,-0.001073316720797409,-0.0025203682033741025,0.00043252512960658486,0.532724505327245,-0.02493908097934171
FULL,incumbent,0.5,1314,413,-0.00036042790098943597,-0.0034327407312926216,0.00307721972308765,-0.0006928558411149145,-0.0032429456940138903,0.001969123264612742,0.00010980337160211448,0.00036042790098943597,-0.00307721972308765,0.0034327407312926216,-0.0011893816613074743,-0.0034911702062976014,0.0010837749772106002,0.5334855403348554,-0.013037963760011028
FULL,incumbent,1.0,1314,325,0.001798330876945221,-0.0031764726780955225,0.007698307711110258,-0.0007575587854115315,-0.004864951030310752,0.004266962573827003,0.00021580624610589911,-0.001798330876945221,-0.007698307711110258,0.0031764726780955225,-0.0014577354032266098,-0.005434340193253207,0.0020834460249031296,0.4794520547945205,-0.049654471067905395
FULL,incumbent,2.0,1314,263,0.0027676349228755916,-0.005223110894210476,0.012363286475287425,-0.00384055097593497,-0.009900407750402351,0.002933661176403359,0.00040605162064482513,-0.0027676349228755916,-0.012363286475287425,0.005223110894210476,-0.001800009383616918,-0.00780226530103213,0.003347183913032674,0.4878234398782344,-0.0038352542014157874
FULL,incumbent,3.0,1314,223,-0.00279891072083727,-0.01625412795239814,0.011035221379527897,-0.0032882481736072485,-0.012589752922957142,0.007761485080518298,0.0005885243194594364,0.00279891072083727,-0.011035221379527897,0.01625412795239814,-4.017310123171363e-05,-0.008786350335087761,0.007738630389611546,0.4931506849315068,0.014859895777665387
FULL,incumbent,5.0,1314,196,-0.010421669948358978,-0.026368625292068067,0.005737873026761472,-0.01162622332709131,-0.02355870843142643,-0.0004720445919266348,0.0009547892259166996,0.010421669948358978,-0.005737873026761472,0.026368625292068067,0.0019807253464313823,-0.008136691572500219,0.011491750147521088,0.5060882800608828,0.017782993487242885
FULL,incumbent,7.0,1314,173,-0.008917083827984592,-0.027053639802887313,0.009879235658245422,-0.010503354733277463,-0.02611715906394958,0.0068929496067815415,0.0012444302616963843,0.008917083827984592,-0.009879235658245422,0.027053639802887313,0.0028401262238830316,-0.010824468493179742,0.014971232417598401,0.5547945205479452,-0.06648926412509731
FULL,incumbent,10.0,1314,158,-0.01758316883924901,-0.043168620448562074,0.008212833196969752,-0.01464875861695727,-0.02932018690987378,0.0004048971771964506,0.0016217568884710342,0.01758316883924901,-0.008212833196969752,0.043168620448562074,0.009051376975617201,-0.008564406587958274,0.025539270675960804,0.5814307458143074,-0.01614093416999913
FULL,incumbent,14.0,1314,143,-0.025019383311345688,-0.05833626461467005,0.00821963452794296,0.00324490109831154,-0.016345622598650876,0.026745663310604715,0.0022175516212191997,0.025019383311345688,-0.00821963452794296,0.05833626461467005,0.013697702080096089,-0.008929443648134425,0.03517530747431696,0.6004566210045662,-0.010436272042165774
FULL,incumbent,21.0,1308,128,-0.03550165836923809,-0.07554194071741038,0.0037834525923080495,-0.006628625333146296,-0.034201818422587765,0.022967613501011553,0.003127048558838212,0.03550165836923809,-0.0037834525923080495,0.07554194071741038,0.018105517363736987,-0.0024521581331041265,0.03907359698849127,0.5840978593272171,0.07252899467741993
FULL,incumbent,30.0,1308,114,-0.04065222982901686,-0.09725728919800332,0.011202732725374585,-0.028022098047285247,-0.07395903373953984,0.014608245921140272,0.00406199767758339,0.04065222982901686,-0.011202732725374585,0.09725728919800332,0.02203760952801557,-0.001938774103072177,0.04542583666235174,0.5351681957186545,0.07743926103935371
