strategy,market,start_balance,final_balance,profit,profit_pct,num_trades,win_rate_pct,best_trade,worst_trade,avg_trade,max_drawdown_pct,sharpe,time_in_market_pct,fees_paid,liquidated,data,cell,asset,start,end,days,fee_rate,slippage_bps,min_notional,funding_paid,funding_model,fills,fills_per_day,completed_round_trips,round_trips_per_day,active_days_pct,daily_sharpe,annualized_volatility,mean_abs_exposure,decision_requests
buy_and_hold,futures_5x,1000.0,0.0,-1000.0,-100.0,1,0.0,-2.49274925,-2.49274925,-2.49274925,100.0,0.7822857386747969,99.99952435312025,2.49274925,True,Deribit perp + Deribit 8h funding,funded_val,perp,2021-01-01 00:00:00+00:00,2022-12-31 23:55:00+00:00,730.0,0.0005,1.0,5.0,1004.0463577775469,Deribit 8h aggregation,1,0.0013698630136986301,0,0.0,0.136986301369863,0.6522253063696413,1.2304849637243696,0.35390819593393275,1
buy_and_hold,spot,1000.0,29913.092924564906,28913.092924564906,2891.3092924564908,1,0.0,28913.092924564906,28913.092924564906,28913.092924564906,84.06740989153772,1.3783531330281376,99.9997623393414,3.9839983600000006,False,Bitstamp BTC spot,inner_train,spot,2017-01-01 00:00:00+00:00,2020-12-31 23:55:00+00:00,1461.0,0.004,1.0,10.0,0.0,not charged,1,0.0006844626967830253,0,0.0,0.06844626967830253,1.4518554423061545,0.8155680854732208,0.9999940278219182,1
buy_and_hold,spot,1000.0,572.8524387265941,-427.1475612734059,-42.71475612734059,1,0.0,-427.14756127340587,-427.14756127340587,-427.14756127340587,77.33087937280044,0.07484075499599882,99.99952435312025,3.9839983599999997,False,Bitstamp BTC spot,inner_val,spot,2021-01-01 00:00:00+00:00,2022-12-31 23:55:00+00:00,730.0,0.004,1.0,10.0,0.0,not charged,1,0.0013698630136986301,0,0.0,0.136986301369863,-0.00549347708626999,0.7405011268328766,0.9999804783574548,1
kelly_regime,futures_5x,1000.0,969.4758852583411,-30.524114741658877,-3.0524114741658837,38,10.526315789473685,289.46608640898444,-62.66645244976183,2.7956394363125225,41.04702233166941,0.11818142031184767,54.414954337899545,26.998683801949706,False,Deribit perp + Deribit 8h funding,funded_val,perp,2021-01-01 00:00:00+00:00,2022-12-31 23:55:00+00:00,730.0,0.0005,1.0,5.0,136.75841332153473,Deribit 8h aggregation,133,0.1821917808219178,38,0.052054794520547946,12.602739726027398,0.10518287196320017,0.3084210025750174,0.309127005083536,237
kelly_regime,spot,1000.0,10356.052906526562,9356.052906526562,935.6052906526562,56,10.909090909090908,5964.456843656047,-275.37575549132816,167.07237333083145,50.53121528483266,1.72331501024247,67.356357897939,1183.8280939274396,False,Bitstamp BTC spot,inner_train,spot,2017-01-01 00:00:00+00:00,2020-12-31 23:55:00+00:00,1461.0,0.004,1.0,10.0,0.0,not charged,444,0.30390143737166325,55,0.03764544832306639,20.739219712525667,1.7865648680457415,0.36402996346590083,0.4072904036611275,538
kelly_regime,spot,1000.0,882.6946829829556,-117.30531701704444,-11.73053170170445,39,7.6923076923076925,271.5708557860513,-94.65293705030419,-3.007828641462685,46.63261905644878,-0.020735355875492887,54.19996194824962,258.64317946330715,False,Bitstamp BTC spot,inner_val,spot,2021-01-01 00:00:00+00:00,2022-12-31 23:55:00+00:00,730.0,0.004,1.0,10.0,0.0,not charged,218,0.29863013698630136,39,0.05342465753424658,20.273972602739725,-0.026336124733741584,0.3269764238272831,0.3186090544754283,235
kelly_regime_v3,futures_5x,1000.0,963.7983518076819,-36.20164819231809,-3.620164819231808,38,13.157894736842104,324.63219209968486,-57.255387385533965,2.2087910433408493,36.297486027435276,0.09167149868441851,54.414954337899545,22.40795938559483,False,Deribit perp + Deribit 8h funding,funded_val,perp,2021-01-01 00:00:00+00:00,2022-12-31 23:55:00+00:00,730.0,0.0005,1.0,5.0,120.13570783927337,Deribit 8h aggregation,117,0.16027397260273973,38,0.052054794520547946,11.095890410958905,0.07741410817195953,0.28514176321836343,0.25893255959233163,197
kelly_regime_v3,spot,1000.0,14760.310303282744,13760.310303282744,1376.0310303282743,60,10.169491525423728,8751.390430689184,-237.0180544098888,229.33850505471244,52.18429030059038,1.8669078506132726,67.74659669936878,1265.2911076475011,False,Bitstamp BTC spot,inner_train,spot,2017-01-01 00:00:00+00:00,2020-12-31 23:55:00+00:00,1461.0,0.004,1.0,10.0,0.0,not charged,375,0.25667351129363447,59,0.040383299110198494,16.56399726214921,1.9441751490478534,0.38377391455562115,0.4009577634019598,421
kelly_regime_v3,spot,1000.0,990.1427412398467,-9.857258760153286,-0.9857258760153309,39,12.820512820512821,343.85374837029997,-77.38248723184844,-0.2527502246192854,40.54063410074295,0.13600593873763453,54.19996194824962,238.14975171625062,False,Bitstamp BTC spot,inner_val,spot,2021-01-01 00:00:00+00:00,2022-12-31 23:55:00+00:00,730.0,0.004,1.0,10.0,0.0,not charged,191,0.26164383561643834,39,0.05342465753424658,16.84931506849315,0.13247136922167055,0.298925633550567,0.27963885966196284,199
kelly_regime_v4,futures_5x,1000.0,982.5557470956732,-17.444252904326845,-1.744425290432683,51,9.803921568627452,380.5219472981359,-46.572760767125516,2.2274315281796793,34.56459861016222,0.1291625156202511,56.106830289193304,26.49788842528329,False,Deribit perp + Deribit 8h funding,funded_val,perp,2021-01-01 00:00:00+00:00,2022-12-31 23:55:00+00:00,730.0,0.0005,1.0,5.0,131.04326084148713,Deribit 8h aggregation,146,0.2,51,0.06986301369863014,14.794520547945206,0.11720806225775743,0.2951159078423813,0.2897577350118739,265
kelly_regime_v4,spot,1000.0,13296.41332472909,12296.41332472909,1229.6413324729092,73,12.5,7627.491029407777,-193.18421749291116,168.44401814697386,48.869256810647116,1.8230951956607695,67.69407369381702,1643.356226015642,False,Bitstamp BTC spot,inner_train,spot,2017-01-01 00:00:00+00:00,2020-12-31 23:55:00+00:00,1461.0,0.004,1.0,10.0,0.0,not charged,469,0.3210130047912389,72,0.049281314168377825,19.71252566735113,1.8763867289583238,0.3836983715067277,0.39668688142015796,519
kelly_regime_v4,spot,1000.0,868.8281668632295,-131.1718331367705,-13.11718331367705,52,7.6923076923076925,283.4154901915708,-43.08063646039831,-2.522535252630232,42.640041466403545,-0.08444808088766498,56.079242770167426,275.5632212158679,False,Bitstamp BTC spot,inner_val,spot,2021-01-01 00:00:00+00:00,2022-12-31 23:55:00+00:00,730.0,0.004,1.0,10.0,0.0,not charged,259,0.3547945205479452,52,0.07123287671232877,21.36986301369863,-0.07684920643700294,0.3060205926488176,0.29162076393557135,269
r190_base_b05,futures_5x,1000.0,992.904217171686,-7.095782828313986,-0.7095782828314023,31,12.903225806451612,375.0084600430925,-151.89407968872146,4.572012847247421,41.21081100908813,0.16934041545329587,54.45205479452055,25.50324268912556,False,Deribit perp + Deribit 8h funding,funded_val,perp,2021-01-01 00:00:00+00:00,2022-12-31 23:55:00+00:00,730.0,0.0005,1.0,5.0,148.82818109298518,Deribit 8h aggregation,114,0.15616438356164383,31,0.04246575342465753,12.465753424657533,0.14714120891752472,0.3160453875097277,0.3186004840619387,1127
r190_base_b05,spot,1000.0,10156.618424462007,9156.618424462007,915.6618424462007,47,13.043478260869565,5837.101940790661,-282.53293562645285,194.82166860557462,51.653717914666075,1.702349509988394,67.43074568408244,1079.5804223545542,False,Bitstamp BTC spot,inner_train,spot,2017-01-01 00:00:00+00:00,2020-12-31 23:55:00+00:00,1461.0,0.004,1.0,10.0,0.0,not charged,398,0.2724161533196441,46,0.03148528405201916,21.013004791238878,1.7873549567779603,0.3604159238729542,0.40727598417572114,1229
r190_base_b05,spot,1000.0,911.3859280456983,-88.61407195430172,-8.861407195430171,32,12.5,279.88800656388725,-167.16060899548603,-2.7691897485719363,45.65830096764758,0.032853648267460255,54.24657534246575,228.88895055784286,False,Bitstamp BTC spot,inner_val,spot,2021-01-01 00:00:00+00:00,2022-12-31 23:55:00+00:00,730.0,0.004,1.0,10.0,0.0,not charged,182,0.2493150684931507,32,0.043835616438356165,20.82191780821918,0.01233929380472952,0.31716761532132676,0.31714847026450665,298
r190_base_b10,futures_5x,1000.0,992.904217171686,-7.095782828313986,-0.7095782828314023,31,12.903225806451612,375.0084600430925,-151.89407968872146,4.572012847247421,41.21081100908813,0.16934041545329587,54.45205479452055,25.50324268912556,False,Deribit perp + Deribit 8h funding,funded_val,perp,2021-01-01 00:00:00+00:00,2022-12-31 23:55:00+00:00,730.0,0.0005,1.0,5.0,148.82818109298518,Deribit 8h aggregation,114,0.15616438356164383,31,0.04246575342465753,12.465753424657533,0.14714120891752472,0.3160453875097277,0.3186004840619387,762
r190_base_b10,spot,1000.0,10221.012670076665,9221.012670076665,922.1012670076665,47,13.043478260869565,5915.08882055315,-280.544771077434,196.19175893780135,49.642674637530064,1.709091138641331,67.43074568408244,1034.0984479089948,False,Bitstamp BTC spot,inner_train,spot,2017-01-01 00:00:00+00:00,2020-12-31 23:55:00+00:00,1461.0,0.004,1.0,10.0,0.0,not charged,339,0.23203285420944558,46,0.03148528405201916,17.796030116358658,1.7978133545825103,0.3589066838733626,0.4049462802069078,1019
r190_base_b10,spot,1000.0,903.3771351267194,-96.6228648732806,-9.662286487328064,32,12.5,272.98881092001693,-166.25953504253584,-3.0194645272900074,45.41937308583255,0.015605829223434793,54.24657534246575,220.66266916470298,False,Bitstamp BTC spot,inner_val,spot,2021-01-01 00:00:00+00:00,2022-12-31 23:55:00+00:00,730.0,0.004,1.0,10.0,0.0,not charged,162,0.2219178082191781,32,0.043835616438356165,18.63013698630137,-0.007782447471074372,0.31095847200223464,0.31280223528295276,269
r190_base_b20,futures_5x,1000.0,1000.2726637302219,0.2726637302218933,0.02726637302219448,27,14.814814814814815,377.7914372417376,-173.77100443270857,5.534508558902784,41.21081100908825,0.17949295852615874,52.76255707762557,24.82368023131061,False,Deribit perp + Deribit 8h funding,funded_val,perp,2021-01-01 00:00:00+00:00,2022-12-31 23:55:00+00:00,730.0,0.0005,1.0,5.0,149.15906736015225,Deribit 8h aggregation,105,0.14383561643835616,27,0.036986301369863014,11.643835616438356,0.15866702221660026,0.31567783570082714,0.3155122493510928,235
r190_base_b20,spot,1000.0,11446.394319359912,10446.394319359912,1044.6394319359913,39,15.789473684210526,6844.044569866043,-303.547199893221,267.85626459897213,48.986216700582716,1.740961569629572,64.82978743630694,882.0455435159378,False,Bitstamp BTC spot,inner_train,spot,2017-01-01 00:00:00+00:00,2020-12-31 23:55:00+00:00,1461.0,0.004,1.0,10.0,0.0,not charged,193,0.13210130047912388,38,0.026009582477754964,11.498973305954825,1.8294858297738608,0.37037991024819233,0.4037498969703182,617
r190_base_b20,spot,1000.0,870.7271865892866,-129.2728134107134,-12.927281341071339,28,10.714285714285714,237.03373657854002,-183.51213383669966,-4.6168861932398,44.67117000974283,-0.031192045428377765,51.278538812785385,182.9871274825883,False,Bitstamp BTC spot,inner_val,spot,2021-01-01 00:00:00+00:00,2022-12-31 23:55:00+00:00,730.0,0.004,1.0,10.0,0.0,not charged,113,0.1547945205479452,28,0.038356164383561646,13.287671232876713,-0.05926942665692525,0.3171739567854979,0.3063033982417584,173
r190_blend_b05,futures_5x,1000.0,940.6569585989621,-59.34304140103791,-5.9343041401037855,37,5.405405405405405,282.9745494927923,-141.13349708575348,1.6612639856691167,34.32256452140731,0.0596739578600155,58.42465753424658,17.338028553241777,False,Deribit perp + Deribit 8h funding,funded_val,perp,2021-01-01 00:00:00+00:00,2022-12-31 23:55:00+00:00,730.0,0.0005,1.0,5.0,120.80980887079669,Deribit 8h aggregation,124,0.16986301369863013,37,0.050684931506849315,13.972602739726028,0.037097131676904156,0.287936679668252,0.2808264826681686,1269
r190_blend_b05,spot,1000.0,12039.864556813802,11039.864556813802,1103.9864556813802,45,13.636363636363637,7022.246992025541,-296.87541814418734,245.33032348475115,49.919231802140224,1.8016880907664687,69.95184995056658,1069.4495229313766,False,Bitstamp BTC spot,inner_train,spot,2017-01-01 00:00:00+00:00,2020-12-31 23:55:00+00:00,1461.0,0.004,1.0,10.0,0.0,not charged,513,0.351129363449692,44,0.030116358658453114,25.32511978097194,1.9013435885044725,0.36136752219594614,0.39786681080022757,990
r190_blend_b05,spot,1000.0,936.5255462079786,-63.47445379202145,-6.347445379202144,37,8.108108108108109,315.7265546016083,-154.7032948593066,-1.715525778162743,41.35492299391924,0.049121104581085644,58.401826484018265,214.29242692262795,False,Bitstamp BTC spot,inner_val,spot,2021-01-01 00:00:00+00:00,2022-12-31 23:55:00+00:00,730.0,0.004,1.0,10.0,0.0,not charged,274,0.37534246575342467,37,0.050684931506849315,26.71232876712329,0.0333398112867517,0.29234546409887047,0.2931626955199024,317
r190_blend_b10,futures_5x,1000.0,881.6384050197869,-118.36159498021311,-11.836159498021315,27,7.407407407407407,282.9745494927923,-141.13349708575348,0.10038911015219808,38.71997129116181,-0.04285299018789159,56.118721461187214,17.374598021517386,False,Deribit perp + Deribit 8h funding,funded_val,perp,2021-01-01 00:00:00+00:00,2022-12-31 23:55:00+00:00,730.0,0.0005,1.0,5.0,121.07210095432416,Deribit 8h aggregation,103,0.1410958904109589,27,0.036986301369863014,12.191780821917808,-0.07417421941918588,0.2889790711443524,0.28313713042152894,812
r190_blend_b10,spot,1000.0,13041.523621104838,12041.523621104838,1204.1523621104839,38,16.216216216216218,7628.288162101151,-304.81678758348505,316.8822005553903,46.22708538896238,1.838612264850964,68.28632405506121,954.9808390817826,False,Bitstamp BTC spot,inner_train,spot,2017-01-01 00:00:00+00:00,2020-12-31 23:55:00+00:00,1461.0,0.004,1.0,10.0,0.0,not charged,318,0.21765913757700206,37,0.025325119780971937,17.248459958932237,1.9485156641245813,0.3632870845861303,0.3959298100470328,708
r190_blend_b10,spot,1000.0,938.892516574548,-61.10748342545196,-6.110748342545191,28,10.714285714285714,304.03329931546875,-135.6858014520933,-2.1824101223376093,42.56531769115448,0.05199142904898903,56.16438356164384,187.8256851979447,False,Bitstamp BTC spot,inner_val,spot,2021-01-01 00:00:00+00:00,2022-12-31 23:55:00+00:00,730.0,0.004,1.0,10.0,0.0,not charged,165,0.22602739726027396,28,0.038356164383561646,18.63013698630137,0.036861120186455446,0.29125880674477533,0.28656772986929613,203
r190_blend_b20,futures_5x,1000.0,892.0240453238575,-107.97595467614246,-10.79759546761425,22,9.090909090909092,282.9745494927923,-153.5375894965702,0.6180692219936471,38.84146916766431,-0.02459373675953902,54.08675799086758,16.710676945438873,False,Deribit perp + Deribit 8h funding,funded_val,perp,2021-01-01 00:00:00+00:00,2022-12-31 23:55:00+00:00,730.0,0.0005,1.0,5.0,121.57347756000259,Deribit 8h aggregation,92,0.12602739726027398,22,0.030136986301369864,11.095890410958905,-0.054152866476089245,0.28876339791946865,0.28001404936084473,349
r190_blend_b20,spot,1000.0,15044.912334430306,14044.912334430306,1404.4912334430305,29,21.428571428571427,8746.59248122999,-314.2857683981973,484.3073218769071,42.06133897103147,1.879157665332028,66.3356053692296,885.9647063027176,False,Bitstamp BTC spot,inner_train,spot,2017-01-01 00:00:00+00:00,2020-12-31 23:55:00+00:00,1461.0,0.004,1.0,10.0,0.0,not charged,167,0.11430527036276524,28,0.019164955509924708,10.26694045174538,1.998892676782449,0.3739177484659617,0.4020248014779668,478
r190_blend_b20,spot,1000.0,938.5061737768734,-61.493826223126575,-6.14938262231266,23,13.043478260869565,292.4956392296734,-159.25218364934878,-2.6736446183967986,42.187684345746995,0.05072384124483506,54.06392694063927,151.742090838032,False,Bitstamp BTC spot,inner_val,spot,2021-01-01 00:00:00+00:00,2022-12-31 23:55:00+00:00,730.0,0.004,1.0,10.0,0.0,not charged,102,0.13972602739726028,23,0.031506849315068496,12.054794520547945,0.03576075683220551,0.2906429714009658,0.27872747529983144,122
r190_v3_b05,futures_5x,1000.0,1004.0639861067023,4.063986106702259,0.4063986106702222,31,16.129032258064516,359.09740725250265,-125.55315158449208,4.012970374610362,34.699241829384675,0.15820061595252735,54.45205479452055,19.537782526068376,False,Deribit perp + Deribit 8h funding,funded_val,perp,2021-01-01 00:00:00+00:00,2022-12-31 23:55:00+00:00,730.0,0.0005,1.0,5.0,120.3380955062191,Deribit 8h aggregation,97,0.13287671232876713,31,0.04246575342465753,10.821917808219178,0.14418834755462365,0.27601899495844595,0.2566768395804331,1153
r190_v3_b05,spot,1000.0,12369.45061481402,11369.45061481402,1136.945061481402,49,12.5,7268.882117159796,-209.93958125552746,232.02960438395962,52.241781799148356,1.7920313889419544,67.81860787892616,980.5807923374674,False,Bitstamp BTC spot,inner_train,spot,2017-01-01 00:00:00+00:00,2020-12-31 23:55:00+00:00,1461.0,0.004,1.0,10.0,0.0,not charged,325,0.22245037645448323,48,0.03285420944558522,16.76933607118412,1.893543317405734,0.3676577844485786,0.39542834743560246,716
r190_v3_b05,spot,1000.0,1016.3065848117126,16.306584811712582,1.6306584811712543,32,15.625,340.48931707587883,-146.77310312662215,0.5095807753660138,38.61367026722256,0.17705141274580408,54.24657534246575,202.94324779953695,False,Bitstamp BTC spot,inner_val,spot,2021-01-01 00:00:00+00:00,2022-12-31 23:55:00+00:00,730.0,0.004,1.0,10.0,0.0,not charged,159,0.21780821917808219,32,0.043835616438356165,17.945205479452056,0.17051881394564755,0.2866394767679652,0.27473386645835063,181
r190_v3_b10,futures_5x,1000.0,1004.0639861067023,4.063986106702259,0.4063986106702222,31,16.129032258064516,359.09740725250265,-125.55315158449208,4.012970374610362,34.699241829384675,0.15820061595252735,54.45205479452055,19.537782526068376,False,Deribit perp + Deribit 8h funding,funded_val,perp,2021-01-01 00:00:00+00:00,2022-12-31 23:55:00+00:00,730.0,0.0005,1.0,5.0,120.3380955062191,Deribit 8h aggregation,97,0.13287671232876713,31,0.04246575342465753,10.821917808219178,0.14418834755462365,0.27601899495844595,0.2566768395804331,871
r190_v3_b10,spot,1000.0,13452.851226143372,12452.851226143372,1245.285122614337,49,12.5,7905.532552025525,-228.32783445038922,254.13982094170154,50.94727469391071,1.8290044185597762,67.81860787892616,1040.5278085882474,False,Bitstamp BTC spot,inner_train,spot,2017-01-01 00:00:00+00:00,2020-12-31 23:55:00+00:00,1461.0,0.004,1.0,10.0,0.0,not charged,304,0.2080766598220397,48,0.03285420944558522,15.605749486652977,1.93037702694118,0.3723810818398789,0.397316537466508,678
r190_v3_b10,spot,1000.0,1023.0903051166969,23.090305116696868,2.309030511669685,32,15.625,357.32796904744384,-148.6168039087567,0.7215720348967563,38.998940357603026,0.19135547730049787,54.24657534246575,203.33111334203443,False,Bitstamp BTC spot,inner_val,spot,2021-01-01 00:00:00+00:00,2022-12-31 23:55:00+00:00,730.0,0.004,1.0,10.0,0.0,not charged,149,0.20410958904109588,32,0.043835616438356165,16.84931506849315,0.18429389815254243,0.2922774737478073,0.2791539718852633,169
r190_v3_b20,futures_5x,1000.0,1038.5461237980749,38.54612379807486,3.854612379807487,29,17.24137931034483,359.09740725250265,-125.55315158449208,5.250814713832602,32.49659577636758,0.21034776304940977,53.56164383561644,18.4191851491023,False,Deribit perp + Deribit 8h funding,funded_val,perp,2021-01-01 00:00:00+00:00,2022-12-31 23:55:00+00:00,730.0,0.0005,1.0,5.0,113.72750290307162,Deribit 8h aggregation,88,0.12054794520547946,29,0.03972602739726028,9.58904109589041,0.2024838166990323,0.2642734259970433,0.24238399540232256,548
r190_v3_b20,spot,1000.0,12702.504423278337,11702.504423278337,1170.2504423278335,37,16.666666666666668,7464.593231754874,-210.56711451693707,316.2839033318469,48.88053634680728,1.7838943831509961,65.12638793824625,816.5923600580574,False,Bitstamp BTC spot,inner_train,spot,2017-01-01 00:00:00+00:00,2020-12-31 23:55:00+00:00,1461.0,0.004,1.0,10.0,0.0,not charged,185,0.1266255989048597,36,0.024640657084188913,10.8145106091718,1.9037449441465892,0.3694918240116525,0.39432356128418816,498
r190_v3_b20,spot,1000.0,1010.4593115705163,10.45931157051632,1.0459311570516272,30,13.333333333333334,333.31860800031086,-145.98796652819323,0.34864371901724406,39.07936735654325,0.16781345418024052,53.35616438356164,176.50354741620404,False,Bitstamp BTC spot,inner_val,spot,2021-01-01 00:00:00+00:00,2022-12-31 23:55:00+00:00,730.0,0.004,1.0,10.0,0.0,not charged,117,0.16027397260273973,30,0.0410958904109589,13.287671232876713,0.16075544012066045,0.2869566140416246,0.26737377280310615,137
r190_v4_b05,futures_5x,1000.0,1005.3324824639294,5.332482463929409,0.5332482463929367,45,11.11111111111111,383.5811507006488,-45.33948656028428,2.985340806042121,35.86232157662334,0.16427220263391645,56.18721461187214,23.49536470389716,False,Deribit perp + Deribit 8h funding,funded_val,perp,2021-01-01 00:00:00+00:00,2022-12-31 23:55:00+00:00,730.0,0.0005,1.0,5.0,129.00785380796762,Deribit 8h aggregation,122,0.16712328767123288,45,0.06164383561643835,13.698630136986301,0.14983881712201602,0.28309446188746357,0.27755790076247305,1254
r190_v4_b05,spot,1000.0,12855.222978554626,11855.222978554626,1185.5222978554625,61,16.666666666666668,7425.275976613006,-182.91306899688328,194.34791768122332,47.59127721518791,1.833229526242111,67.7159384744087,1325.1573947441636,False,Bitstamp BTC spot,inner_train,spot,2017-01-01 00:00:00+00:00,2020-12-31 23:55:00+00:00,1461.0,0.004,1.0,10.0,0.0,not charged,383,0.2621492128678987,60,0.04106776180698152,19.50718685831622,1.9256970495809322,0.36617716769259606,0.3918951523692988,809
r190_v4_b05,spot,1000.0,908.8617818743415,-91.13821812565845,-9.113821812565847,45,8.88888888888889,308.11014892683204,-58.518968857616585,-2.025293736125735,39.76350356831454,-0.006689723871186226,56.02739726027397,242.3186609579733,False,Bitstamp BTC spot,inner_val,spot,2021-01-01 00:00:00+00:00,2022-12-31 23:55:00+00:00,730.0,0.004,1.0,10.0,0.0,not charged,205,0.2808219178082192,45,0.06164383561643835,22.19178082191781,-0.0209373875766168,0.2898775820515009,0.28758625702801344,289
r190_v4_b10,futures_5x,1000.0,1005.3324824639294,5.332482463929409,0.5332482463929367,45,11.11111111111111,383.5811507006488,-45.33948656028428,2.985340806042121,35.86232157662334,0.16427220263391645,56.18721461187214,23.49536470389716,False,Deribit perp + Deribit 8h funding,funded_val,perp,2021-01-01 00:00:00+00:00,2022-12-31 23:55:00+00:00,730.0,0.0005,1.0,5.0,129.00785380796762,Deribit 8h aggregation,122,0.16712328767123288,45,0.06164383561643835,13.698630136986301,0.14983881712201602,0.28309446188746357,0.27755790076247305,1002
r190_v4_b10,spot,1000.0,13706.797885496615,12706.797885496615,1270.6797885496615,61,16.666666666666668,7915.3323805088585,-196.18378226454823,208.30816205732168,46.37216100033984,1.8561101496083514,67.7159384744087,1392.5928983440851,False,Bitstamp BTC spot,inner_train,spot,2017-01-01 00:00:00+00:00,2020-12-31 23:55:00+00:00,1461.0,0.004,1.0,10.0,0.0,not charged,361,0.24709103353867215,60,0.04106776180698152,18.34360027378508,1.9486570594013963,0.3709690799163613,0.3933739801059271,761
r190_v4_b10,spot,1000.0,899.3246324331787,-100.67536756682125,-10.067536756682127,45,8.88888888888889,298.3541508612471,-58.08252935178193,-2.237230390373792,40.61953276748026,-0.017832630309248657,56.02739726027397,239.37641169231668,False,Bitstamp BTC spot,inner_val,spot,2021-01-01 00:00:00+00:00,2022-12-31 23:55:00+00:00,730.0,0.004,1.0,10.0,0.0,not charged,197,0.26986301369863014,45,0.06164383561643835,21.095890410958905,-0.033544422345879385,0.294789570263707,0.2911748636328907,280
r190_v4_b20,futures_5x,1000.0,1060.9806155411766,60.980615541176576,6.098061554117651,36,13.88888888888889,383.5811507006488,-47.84916154420307,5.257026517726791,35.862321576623444,0.24913497193337572,54.657534246575345,22.393587886338448,False,Deribit perp + Deribit 8h funding,funded_val,perp,2021-01-01 00:00:00+00:00,2022-12-31 23:55:00+00:00,730.0,0.0005,1.0,5.0,128.27233909698543,Deribit 8h aggregation,103,0.1410958904109589,36,0.049315068493150684,11.506849315068493,0.24390402916135098,0.2741897928092805,0.26793133671020614,706
r190_v4_b20,spot,1000.0,15234.37447930302,14234.37447930302,1423.437447930302,46,22.22222222222222,8704.794537451637,-218.27284207958223,309.442923463109,39.54764186298991,1.9545386881884985,64.84119514791999,1333.3197595218583,False,Bitstamp BTC spot,inner_train,spot,2017-01-01 00:00:00+00:00,2020-12-31 23:55:00+00:00,1461.0,0.004,1.0,10.0,0.0,not charged,223,0.15263518138261464,45,0.030800821355236138,12.183436002737851,2.0747909571489918,0.35909801667284574,0.38063875856772644,542
r190_v4_b20,spot,1000.0,955.5002403590372,-44.49975964096279,-4.449975964096275,36,11.11111111111111,316.00732927951407,-58.87225321329626,-1.236104434471188,39.02933561039622,0.07335664632701357,54.47488584474886,208.5255474298806,False,Bitstamp BTC spot,inner_val,spot,2021-01-01 00:00:00+00:00,2022-12-31 23:55:00+00:00,730.0,0.004,1.0,10.0,0.0,not charged,143,0.1958904109589041,36,0.049315068493150684,15.342465753424657,0.06396293915361656,0.2876645243620649,0.276018472559954,217
