strategy,market,start_balance,final_balance,profit,profit_pct,num_trades,win_rate_pct,best_trade,worst_trade,avg_trade,max_drawdown_pct,sharpe,time_in_market_pct,fees_paid,liquidated,data,cell,asset,start,end,days,fee_rate,slippage_bps,min_notional,funding_paid,funding_model,fills,fills_per_day,completed_round_trips,round_trips_per_day,active_days_pct,daily_sharpe,annualized_volatility,mean_abs_exposure,decision_requests,reference_candidate,control_c,match_attempt,stage,target_daily_volatility,achieved_daily_volatility,relative_vol_error,matched_valid,final_selected
match_r190_base_b05_funded_val_i0,futures_5x,1000.0,830.7162613217865,-169.28373867821347,-16.928373867821346,1,0.0,-67.29243280033148,-67.29243280033148,-67.29243280033148,49.217620782934745,-0.013011270110329562,99.99952435312025,1.215268142742362,False,Deribit perp + Deribit 8h funding,funded_val,perp,2021-01-01 00:00:00+00:00,2022-12-31 23:55:00+00:00,730.0,0.0005,1.0,5.0,101.99130587788268,Deribit 8h aggregation,33,0.045205479452054796,0,0.0,4.2465753424657535,-0.07003886434884987,0.3666113554390658,0.5041466038805399,33,r190_base_b05,0.5,0,train,0.016536909289005093,0.019182747063595195,0.1599959054228617,False,False
match_r190_base_b05_funded_val_i1,futures_5x,1000.0,869.7917342411196,-130.20826575888043,-13.020826575888044,1,0.0,-44.27789965888877,-44.27789965888877,-44.27789965888877,44.0567467529059,-0.0121474560039691,99.99952435312025,1.269666762305952,False,Deribit perp + Deribit 8h funding,funded_val,perp,2021-01-01 00:00:00+00:00,2022-12-31 23:55:00+00:00,730.0,0.0005,1.0,5.0,85.93036609998879,Deribit 8h aggregation,43,0.0589041095890411,0,0.0,5.616438356164384,-0.06211144351690727,0.3167679428657798,0.43693178381287495,43,r190_base_b05,0.43103600423290406,1,train,0.016536909289005093,0.016574716619380862,0.002286239206797017,True,True
match_r190_base_b05_inner_val_i0,spot,1000.0,864.1271390351665,-135.87286096483354,-13.587286096483354,1,0.0,-135.87286096483354,-135.87286096483354,-135.87286096483354,49.13399121172731,0.028510957343515587,99.99952435312025,8.682566673504143,False,Bitstamp BTC spot,inner_val,spot,2021-01-01 00:00:00+00:00,2022-12-31 23:55:00+00:00,730.0,0.004,1.0,10.0,0.0,not charged,27,0.036986301369863014,0,0.0,3.6986301369863015,-0.01221935446376827,0.37031438525624927,0.5001103624774786,27,r190_base_b05,0.5,0,train,0.016595629271183094,0.019376506158337116,0.16756682387348695,False,False
match_r190_base_b05_inner_val_i1,spot,1000.0,918.5867624307261,-81.41323756927386,-8.141323756927388,1,0.0,-81.41323756927295,-81.41323756927295,-81.41323756927295,44.46827043308371,0.05520686743300166,99.99952435312025,10.305671849785169,False,Bitstamp BTC spot,inner_val,spot,2021-01-01 00:00:00+00:00,2022-12-31 23:55:00+00:00,730.0,0.004,1.0,10.0,0.0,not charged,41,0.056164383561643834,0,0.0,5.342465753424658,0.023340015144534668,0.3159591502516474,0.42837042138242387,41,r190_base_b05,0.42824101351322574,1,train,0.016595629271183094,0.016532396969665634,0.00381017799832741,True,True
match_r190_base_b10_funded_val_i0,futures_5x,1000.0,830.7162613217865,-169.28373867821347,-16.928373867821346,1,0.0,-67.29243280033148,-67.29243280033148,-67.29243280033148,49.217620782934745,-0.013011270110329562,99.99952435312025,1.215268142742362,False,Deribit perp + Deribit 8h funding,funded_val,perp,2021-01-01 00:00:00+00:00,2022-12-31 23:55:00+00:00,730.0,0.0005,1.0,5.0,101.99130587788268,Deribit 8h aggregation,33,0.045205479452054796,0,0.0,4.2465753424657535,-0.07003886434884987,0.3666113554390658,0.5041466038805399,33,r190_base_b10,0.5,0,train,0.016536909289005093,0.019182747063595195,0.1599959054228617,False,False
match_r190_base_b10_funded_val_i1,futures_5x,1000.0,869.7917342411196,-130.20826575888043,-13.020826575888044,1,0.0,-44.27789965888877,-44.27789965888877,-44.27789965888877,44.0567467529059,-0.0121474560039691,99.99952435312025,1.269666762305952,False,Deribit perp + Deribit 8h funding,funded_val,perp,2021-01-01 00:00:00+00:00,2022-12-31 23:55:00+00:00,730.0,0.0005,1.0,5.0,85.93036609998879,Deribit 8h aggregation,43,0.0589041095890411,0,0.0,5.616438356164384,-0.06211144351690727,0.3167679428657798,0.43693178381287495,43,r190_base_b10,0.43103600423290406,1,train,0.016536909289005093,0.016574716619380862,0.002286239206797017,True,True
match_r190_base_b10_inner_val_i0,spot,1000.0,864.1271390351665,-135.87286096483354,-13.587286096483354,1,0.0,-135.87286096483354,-135.87286096483354,-135.87286096483354,49.13399121172731,0.028510957343515587,99.99952435312025,8.682566673504143,False,Bitstamp BTC spot,inner_val,spot,2021-01-01 00:00:00+00:00,2022-12-31 23:55:00+00:00,730.0,0.004,1.0,10.0,0.0,not charged,27,0.036986301369863014,0,0.0,3.6986301369863015,-0.01221935446376827,0.37031438525624927,0.5001103624774786,27,r190_base_b10,0.5,0,train,0.01627073910069422,0.019376506158337116,0.19088051491836552,False,False
match_r190_base_b10_inner_val_i1,spot,1000.0,918.5115698170323,-81.4884301829677,-8.14884301829677,1,0.0,-81.48843018296779,-81.48843018296779,-81.48843018296779,43.85556736561971,0.049331620064665946,99.99952435312025,10.058216057538312,False,Bitstamp BTC spot,inner_val,spot,2021-01-01 00:00:00+00:00,2022-12-31 23:55:00+00:00,730.0,0.004,1.0,10.0,0.0,not charged,41,0.056164383561643834,0,0.0,5.342465753424658,0.01783200201273602,0.3102007018552948,0.42025749129244316,41,r190_base_b10,0.4198574027674597,1,train,0.01627073910069422,0.01623108917483832,0.0024368853566219617,True,True
match_r190_base_b20_funded_val_i0,futures_5x,1000.0,830.7162613217865,-169.28373867821347,-16.928373867821346,1,0.0,-67.29243280033148,-67.29243280033148,-67.29243280033148,49.217620782934745,-0.013011270110329562,99.99952435312025,1.215268142742362,False,Deribit perp + Deribit 8h funding,funded_val,perp,2021-01-01 00:00:00+00:00,2022-12-31 23:55:00+00:00,730.0,0.0005,1.0,5.0,101.99130587788268,Deribit 8h aggregation,33,0.045205479452054796,0,0.0,4.2465753424657535,-0.07003886434884987,0.3666113554390658,0.5041466038805399,33,r190_base_b20,0.5,0,train,0.016517677333206932,0.019182747063595195,0.1613465184375796,False,False
match_r190_base_b20_funded_val_i1,futures_5x,1000.0,870.0503574599367,-129.94964254006334,-12.994964254006335,1,0.0,-44.14382653188517,-44.14382653188517,-44.14382653188517,44.01622429608567,-0.01216849505858574,99.99952435312025,1.2690116397615967,False,Deribit perp + Deribit 8h funding,funded_val,perp,2021-01-01 00:00:00+00:00,2022-12-31 23:55:00+00:00,730.0,0.0005,1.0,5.0,85.80581600818091,Deribit 8h aggregation,43,0.0589041095890411,0,0.0,5.616438356164384,-0.062084026010812726,0.31639795891813843,0.4364233231810308,43,r190_base_b20,0.43053472160288236,1,train,0.016517677333206932,0.01655535740319757,0.002281196637428255,True,True
match_r190_base_b20_inner_val_i0,spot,1000.0,864.1271390351665,-135.87286096483354,-13.587286096483354,1,0.0,-135.87286096483354,-135.87286096483354,-135.87286096483354,49.13399121172731,0.028510957343515587,99.99952435312025,8.682566673504143,False,Bitstamp BTC spot,inner_val,spot,2021-01-01 00:00:00+00:00,2022-12-31 23:55:00+00:00,730.0,0.004,1.0,10.0,0.0,not charged,27,0.036986301369863014,0,0.0,3.6986301369863015,-0.01221935446376827,0.37031438525624927,0.5001103624774786,27,r190_base_b20,0.5,0,train,0.016595961084972834,0.019376506158337116,0.16754347995440808,False,False
match_r190_base_b20_inner_val_i1,spot,1000.0,918.5831067671174,-81.41689323288256,-8.14168932328826,1,0.0,-81.41689323288242,-81.41689323288242,-81.41689323288242,44.46896149910436,0.0552071500659959,99.99952435312025,10.305774097570858,False,Bitstamp BTC spot,inner_val,spot,2021-01-01 00:00:00+00:00,2022-12-31 23:55:00+00:00,730.0,0.004,1.0,10.0,0.0,not charged,41,0.056164383561643834,0,0.0,5.342465753424658,0.023339567533156826,0.31596547509206513,0.4283789772612597,41,r190_base_b20,0.42824957578412814,1,train,0.016595961084972834,0.016532727913626182,0.0038101542310741685,True,True
match_r190_blend_b10_funded_val_i0,futures_5x,1000.0,830.7162613217865,-169.28373867821347,-16.928373867821346,1,0.0,-67.29243280033148,-67.29243280033148,-67.29243280033148,49.217620782934745,-0.013011270110329562,99.99952435312025,1.215268142742362,False,Deribit perp + Deribit 8h funding,funded_val,perp,2021-01-01 00:00:00+00:00,2022-12-31 23:55:00+00:00,730.0,0.0005,1.0,5.0,101.99130587788268,Deribit 8h aggregation,33,0.045205479452054796,0,0.0,4.2465753424657535,-0.07003886434884987,0.3666113554390658,0.5041466038805399,33,r190_blend_b10,0.5,0,train,0.01512067846833555,0.019182747063595195,0.2686432757475855,False,False
match_r190_blend_b10_funded_val_i1,futures_5x,1000.0,885.5080268868314,-114.49197311316857,-11.449197311316862,1,0.0,-38.04016779695672,-38.04016779695672,-38.04016779695672,41.77493306765261,-0.02062251587174264,99.99952435312025,1.2739197366272348,False,Deribit perp + Deribit 8h funding,funded_val,perp,2021-01-01 00:00:00+00:00,2022-12-31 23:55:00+00:00,730.0,0.0005,1.0,5.0,76.45180531621588,Deribit 8h aggregation,46,0.06301369863013699,0,0.0,6.027397260273973,-0.06628387536848153,0.28892673556845727,0.3970641142701235,46,r190_blend_b10,0.39412182254728795,1,train,0.01512067846833555,0.01511794003675145,0.00018110507341540964,True,True
match_r190_blend_b10_inner_val_i0,spot,1000.0,864.1271390351665,-135.87286096483354,-13.587286096483354,1,0.0,-135.87286096483354,-135.87286096483354,-135.87286096483354,49.13399121172731,0.028510957343515587,99.99952435312025,8.682566673504143,False,Bitstamp BTC spot,inner_val,spot,2021-01-01 00:00:00+00:00,2022-12-31 23:55:00+00:00,730.0,0.004,1.0,10.0,0.0,not charged,27,0.036986301369863014,0,0.0,3.6986301369863015,-0.01221935446376827,0.37031438525624927,0.5001103624774786,27,r190_blend_b10,0.5,0,train,0.01523996443901262,0.019376506158337116,0.2714272553507676,False,False
match_r190_blend_b10_inner_val_i1,spot,1000.0,921.8377132156846,-78.16228678431537,-7.816228678431536,1,0.0,-78.16228678431574,-78.16228678431574,-78.16228678431574,41.58326171978159,0.03726861541798294,99.99952435312025,9.70374267627774,False,Bitstamp BTC spot,inner_val,spot,2021-01-01 00:00:00+00:00,2022-12-31 23:55:00+00:00,730.0,0.004,1.0,10.0,0.0,not charged,43,0.0589041095890411,0,0.0,5.616438356164384,0.006457859707364381,0.2920338875264915,0.39745955602621946,43,r190_blend_b10,0.3932588340353436,1,train,0.01523996443901262,0.015280520134762167,0.002661141101204251,True,True
match_r190_v3_b05_funded_val_i0,futures_5x,1000.0,830.7162613217865,-169.28373867821347,-16.928373867821346,1,0.0,-67.29243280033148,-67.29243280033148,-67.29243280033148,49.217620782934745,-0.013011270110329562,99.99952435312025,1.215268142742362,False,Deribit perp + Deribit 8h funding,funded_val,perp,2021-01-01 00:00:00+00:00,2022-12-31 23:55:00+00:00,730.0,0.0005,1.0,5.0,101.99130587788268,Deribit 8h aggregation,33,0.045205479452054796,0,0.0,4.2465753424657535,-0.07003886434884987,0.3666113554390658,0.5041466038805399,33,r190_v3_b05,0.5,0,train,0.014442549273178939,0.019182747063595195,0.3282106019343284,False,False
match_r190_v3_b05_funded_val_i1,futures_5x,1000.0,881.270906322798,-118.72909367720194,-11.872909367720197,1,0.0,-47.145775317649935,-47.145775317649935,-47.145775317649935,40.40399970924452,-0.0438913281791667,99.99952435312025,1.1519351008004142,False,Deribit perp + Deribit 8h funding,funded_val,perp,2021-01-01 00:00:00+00:00,2022-12-31 23:55:00+00:00,730.0,0.0005,1.0,5.0,71.58331835955423,Deribit 8h aggregation,44,0.06027397260273973,0,0.0,5.7534246575342465,-0.09119502086188329,0.2760659284740338,0.37872349544016776,44,r190_v3_b05,0.37644632505705733,1,train,0.014442549273178939,0.01444500504478822,0.000170037267163244,True,True
match_r190_v3_b05_inner_val_i0,spot,1000.0,864.1271390351665,-135.87286096483354,-13.587286096483354,1,0.0,-135.87286096483354,-135.87286096483354,-135.87286096483354,49.13399121172731,0.028510957343515587,99.99952435312025,8.682566673504143,False,Bitstamp BTC spot,inner_val,spot,2021-01-01 00:00:00+00:00,2022-12-31 23:55:00+00:00,730.0,0.004,1.0,10.0,0.0,not charged,27,0.036986301369863014,0,0.0,3.6986301369863015,-0.01221935446376827,0.37031438525624927,0.5001103624774786,27,r190_v3_b05,0.5,0,train,0.014998260418573026,0.019376506158337116,0.291916903532513,False,False
match_r190_v3_b05_inner_val_i1,spot,1000.0,939.8603137737329,-60.139686226267145,-6.01396862262672,1,0.0,-60.13968622626612,-60.13968622626612,-60.13968622626612,39.98124929594846,0.06289134893857277,99.99952435312025,10.629874528664585,False,Bitstamp BTC spot,inner_val,spot,2021-01-01 00:00:00+00:00,2022-12-31 23:55:00+00:00,730.0,0.004,1.0,10.0,0.0,not charged,49,0.06712328767123288,0,0.0,6.301369863013699,0.034842603450590696,0.2865589154706284,0.39060886815584417,49,r190_v3_b05,0.38702179577714363,1,train,0.014998260418573026,0.014994045090905185,0.00028105443899486285,True,True
match_r190_v3_b10_funded_val_i0,futures_5x,1000.0,830.7162613217865,-169.28373867821347,-16.928373867821346,1,0.0,-67.29243280033148,-67.29243280033148,-67.29243280033148,49.217620782934745,-0.013011270110329562,99.99952435312025,1.215268142742362,False,Deribit perp + Deribit 8h funding,funded_val,perp,2021-01-01 00:00:00+00:00,2022-12-31 23:55:00+00:00,730.0,0.0005,1.0,5.0,101.99130587788268,Deribit 8h aggregation,33,0.045205479452054796,0,0.0,4.2465753424657535,-0.07003886434884987,0.3666113554390658,0.5041466038805399,33,r190_v3_b10,0.5,0,train,0.014442549273178939,0.019182747063595195,0.3282106019343284,False,False
match_r190_v3_b10_funded_val_i1,futures_5x,1000.0,881.270906322798,-118.72909367720194,-11.872909367720197,1,0.0,-47.145775317649935,-47.145775317649935,-47.145775317649935,40.40399970924452,-0.0438913281791667,99.99952435312025,1.1519351008004142,False,Deribit perp + Deribit 8h funding,funded_val,perp,2021-01-01 00:00:00+00:00,2022-12-31 23:55:00+00:00,730.0,0.0005,1.0,5.0,71.58331835955423,Deribit 8h aggregation,44,0.06027397260273973,0,0.0,5.7534246575342465,-0.09119502086188329,0.2760659284740338,0.37872349544016776,44,r190_v3_b10,0.37644632505705733,1,train,0.014442549273178939,0.01444500504478822,0.000170037267163244,True,True
match_r190_v3_b10_inner_val_i0,spot,1000.0,864.1271390351665,-135.87286096483354,-13.587286096483354,1,0.0,-135.87286096483354,-135.87286096483354,-135.87286096483354,49.13399121172731,0.028510957343515587,99.99952435312025,8.682566673504143,False,Bitstamp BTC spot,inner_val,spot,2021-01-01 00:00:00+00:00,2022-12-31 23:55:00+00:00,730.0,0.004,1.0,10.0,0.0,not charged,27,0.036986301369863014,0,0.0,3.6986301369863015,-0.01221935446376827,0.37031438525624927,0.5001103624774786,27,r190_v3_b10,0.5,0,train,0.015293265656149748,0.019376506158337116,0.2669959833297874,False,False
match_r190_v3_b10_inner_val_i1,spot,1000.0,921.3200388885282,-78.67996111147181,-7.86799611114718,1,0.0,-78.6799611114717,-78.6799611114717,-78.6799611114717,41.700719190074736,0.0374078877432822,99.99952435312025,9.727614291123325,False,Bitstamp BTC spot,inner_val,spot,2021-01-01 00:00:00+00:00,2022-12-31 23:55:00+00:00,730.0,0.004,1.0,10.0,0.0,not charged,43,0.0589041095890411,0,0.0,5.616438356164384,0.006493329813350885,0.2930531326569134,0.3988408024243835,43,r190_v3_b10,0.3946342423959008,1,train,0.015293265656149748,0.015333851602112022,0.0026538443047286167,True,True
match_r190_v3_b20_funded_val_i0,futures_5x,1000.0,830.7162613217865,-169.28373867821347,-16.928373867821346,1,0.0,-67.29243280033148,-67.29243280033148,-67.29243280033148,49.217620782934745,-0.013011270110329562,99.99952435312025,1.215268142742362,False,Deribit perp + Deribit 8h funding,funded_val,perp,2021-01-01 00:00:00+00:00,2022-12-31 23:55:00+00:00,730.0,0.0005,1.0,5.0,101.99130587788268,Deribit 8h aggregation,33,0.045205479452054796,0,0.0,4.2465753424657535,-0.07003886434884987,0.3666113554390658,0.5041466038805399,33,r190_v3_b20,0.5,0,train,0.013827968532124807,0.019182747063595195,0.38724260320887294,False,False
match_r190_v3_b20_funded_val_i1,futures_5x,1000.0,890.485493795236,-109.51450620476396,-10.9514506204764,1,0.0,-41.98449812409663,-41.98449812409663,-41.98449812409663,39.16040103499242,-0.04345391975550496,99.99952435312025,1.1439503797399977,False,Deribit perp + Deribit 8h funding,funded_val,perp,2021-01-01 00:00:00+00:00,2022-12-31 23:55:00+00:00,730.0,0.0005,1.0,5.0,67.5300080806714,Deribit 8h aggregation,46,0.06301369863013699,0,0.0,6.027397260273973,-0.08798511381112631,0.2639904984540266,0.3608083560738599,46,r190_v3_b20,0.36042722364742463,1,train,0.013827968532124807,0.013813164496694662,0.0010705864274822981,True,True
match_r190_v3_b20_inner_val_i0,spot,1000.0,864.1271390351665,-135.87286096483354,-13.587286096483354,1,0.0,-135.87286096483354,-135.87286096483354,-135.87286096483354,49.13399121172731,0.028510957343515587,99.99952435312025,8.682566673504143,False,Bitstamp BTC spot,inner_val,spot,2021-01-01 00:00:00+00:00,2022-12-31 23:55:00+00:00,730.0,0.004,1.0,10.0,0.0,not charged,27,0.036986301369863014,0,0.0,3.6986301369863015,-0.01221935446376827,0.37031438525624927,0.5001103624774786,27,r190_v3_b20,0.5,0,train,0.015014854460232648,0.019376506158337116,0.2904891092788445,False,False
match_r190_v3_b20_inner_val_i1,spot,1000.0,939.7146818229447,-60.285318177055274,-6.028531817705529,1,0.0,-60.2853181770555,-60.2853181770555,-60.2853181770555,40.016539352043345,0.06296221221984435,99.99952435312025,10.638458132592,False,Bitstamp BTC spot,inner_val,spot,2021-01-01 00:00:00+00:00,2022-12-31 23:55:00+00:00,730.0,0.004,1.0,10.0,0.0,not charged,49,0.06712328767123288,0,0.0,6.301369863013699,0.03482855933419147,0.28684958604042093,0.39106312909264734,49,r190_v3_b20,0.3874499958232206,1,train,0.015014854460232648,0.015009254276153917,0.00037297624785930525,True,True
match_r190_v4_b05_funded_val_i0,futures_5x,1000.0,830.7162613217865,-169.28373867821347,-16.928373867821346,1,0.0,-67.29243280033148,-67.29243280033148,-67.29243280033148,49.217620782934745,-0.013011270110329562,99.99952435312025,1.215268142742362,False,Deribit perp + Deribit 8h funding,funded_val,perp,2021-01-01 00:00:00+00:00,2022-12-31 23:55:00+00:00,730.0,0.0005,1.0,5.0,101.99130587788268,Deribit 8h aggregation,33,0.045205479452054796,0,0.0,4.2465753424657535,-0.07003886434884987,0.3666113554390658,0.5041466038805399,33,r190_v4_b05,0.5,0,train,0.014812769372590824,0.019182747063595195,0.2950142259752229,False,False
match_r190_v4_b05_funded_val_i1,futures_5x,1000.0,879.8763079806702,-120.12369201932984,-12.012369201932982,1,0.0,-46.14303664226762,-46.14303664226762,-46.14303664226762,41.134312939419196,-0.03698324099790212,99.99952435312025,1.1844486694343774,False,Deribit perp + Deribit 8h funding,funded_val,perp,2021-01-01 00:00:00+00:00,2022-12-31 23:55:00+00:00,730.0,0.0005,1.0,5.0,73.98065537706256,Deribit 8h aggregation,44,0.06027397260273973,0,0.0,5.7534246575342465,-0.08402220690441486,0.2836916255656417,0.38929853557721433,44,r190_v4_b05,0.38609614471491244,1,train,0.014812769372590824,0.01484401564912893,0.00210941490764871,True,True
match_r190_v4_b05_inner_val_i0,spot,1000.0,864.1271390351665,-135.87286096483354,-13.587286096483354,1,0.0,-135.87286096483354,-135.87286096483354,-135.87286096483354,49.13399121172731,0.028510957343515587,99.99952435312025,8.682566673504143,False,Bitstamp BTC spot,inner_val,spot,2021-01-01 00:00:00+00:00,2022-12-31 23:55:00+00:00,730.0,0.004,1.0,10.0,0.0,not charged,27,0.036986301369863014,0,0.0,3.6986301369863015,-0.01221935446376827,0.37031438525624927,0.5001103624774786,27,r190_v4_b05,0.5,0,train,0.015167692580719134,0.019376506158337116,0.27748542207192023,False,False
match_r190_v4_b05_inner_val_i1,spot,1000.0,922.4090170782541,-77.59098292174588,-7.759098292174582,1,0.0,-77.59098292174548,-77.59098292174548,-77.59098292174548,41.436957009327976,0.03686457520938902,99.99952435312025,9.670919994296424,False,Bitstamp BTC spot,inner_val,spot,2021-01-01 00:00:00+00:00,2022-12-31 23:55:00+00:00,730.0,0.004,1.0,10.0,0.0,not charged,43,0.0589041095890411,0,0.0,5.616438356164384,0.006171443275641272,0.29065288915020665,0.3955986165992844,43,r190_v4_b05,0.39139389879617026,1,train,0.015167692580719134,0.015208260118386567,0.0026746017861017184,True,True
match_r190_v4_b10_funded_val_i0,futures_5x,1000.0,830.7162613217865,-169.28373867821347,-16.928373867821346,1,0.0,-67.29243280033148,-67.29243280033148,-67.29243280033148,49.217620782934745,-0.013011270110329562,99.99952435312025,1.215268142742362,False,Deribit perp + Deribit 8h funding,funded_val,perp,2021-01-01 00:00:00+00:00,2022-12-31 23:55:00+00:00,730.0,0.0005,1.0,5.0,101.99130587788268,Deribit 8h aggregation,33,0.045205479452054796,0,0.0,4.2465753424657535,-0.07003886434884987,0.3666113554390658,0.5041466038805399,33,r190_v4_b10,0.5,0,train,0.014812769372590824,0.019182747063595195,0.2950142259752229,False,False
match_r190_v4_b10_funded_val_i1,futures_5x,1000.0,879.8763079806702,-120.12369201932984,-12.012369201932982,1,0.0,-46.14303664226762,-46.14303664226762,-46.14303664226762,41.134312939419196,-0.03698324099790212,99.99952435312025,1.1844486694343774,False,Deribit perp + Deribit 8h funding,funded_val,perp,2021-01-01 00:00:00+00:00,2022-12-31 23:55:00+00:00,730.0,0.0005,1.0,5.0,73.98065537706256,Deribit 8h aggregation,44,0.06027397260273973,0,0.0,5.7534246575342465,-0.08402220690441486,0.2836916255656417,0.38929853557721433,44,r190_v4_b10,0.38609614471491244,1,train,0.014812769372590824,0.01484401564912893,0.00210941490764871,True,True
match_r190_v4_b10_inner_val_i0,spot,1000.0,864.1271390351665,-135.87286096483354,-13.587286096483354,1,0.0,-135.87286096483354,-135.87286096483354,-135.87286096483354,49.13399121172731,0.028510957343515587,99.99952435312025,8.682566673504143,False,Bitstamp BTC spot,inner_val,spot,2021-01-01 00:00:00+00:00,2022-12-31 23:55:00+00:00,730.0,0.004,1.0,10.0,0.0,not charged,27,0.036986301369863014,0,0.0,3.6986301369863015,-0.01221935446376827,0.37031438525624927,0.5001103624774786,27,r190_v4_b10,0.5,0,train,0.015424709789968596,0.019376506158337116,0.2561990742243045,False,False
match_r190_v4_b10_inner_val_i1,spot,1000.0,930.7119716094854,-69.28802839051457,-6.928802839051462,1,0.0,-69.28802839051434,-69.28802839051434,-69.28802839051434,41.8778866833378,0.05528158331938477,99.99952435312025,10.348888635005718,False,Bitstamp BTC spot,inner_val,spot,2021-01-01 00:00:00+00:00,2022-12-31 23:55:00+00:00,730.0,0.004,1.0,10.0,0.0,not charged,45,0.06164383561643835,0,0.0,5.890410958904109,0.02635279798904402,0.2958870899767687,0.4021652740068124,45,r190_v4_b10,0.39802608540270346,1,train,0.015424709789968596,0.015482136933838044,0.003723061545494727,True,True
match_r190_v4_b20_funded_val_i0,futures_5x,1000.0,830.7162613217865,-169.28373867821347,-16.928373867821346,1,0.0,-67.29243280033148,-67.29243280033148,-67.29243280033148,49.217620782934745,-0.013011270110329562,99.99952435312025,1.215268142742362,False,Deribit perp + Deribit 8h funding,funded_val,perp,2021-01-01 00:00:00+00:00,2022-12-31 23:55:00+00:00,730.0,0.0005,1.0,5.0,101.99130587788268,Deribit 8h aggregation,33,0.045205479452054796,0,0.0,4.2465753424657535,-0.07003886434884987,0.3666113554390658,0.5041466038805399,33,r190_v4_b20,0.5,0,train,0.014346837229252748,0.019182747063595195,0.33707149227860334,False,False
match_r190_v4_b20_funded_val_i1,futures_5x,1000.0,881.7661133567224,-118.23388664327763,-11.82338866432776,1,0.0,-47.21741679182213,-47.21741679182213,-47.21741679182213,40.194447334364995,-0.04537787164056843,99.99952435312025,1.1444212437970613,False,Deribit perp + Deribit 8h funding,funded_val,perp,2021-01-01 00:00:00+00:00,2022-12-31 23:55:00+00:00,730.0,0.0005,1.0,5.0,71.016469851456,Deribit 8h aggregation,44,0.06027397260273973,0,0.0,5.7534246575342465,-0.0926400691300759,0.2742146391940014,0.37615824689971433,44,r190_v4_b20,0.37395158216103513,1,train,0.014346837229252748,0.014348137303313396,9.061746779956822e-05,True,True
match_r190_v4_b20_inner_val_i0,spot,1000.0,864.1271390351665,-135.87286096483354,-13.587286096483354,1,0.0,-135.87286096483354,-135.87286096483354,-135.87286096483354,49.13399121172731,0.028510957343515587,99.99952435312025,8.682566673504143,False,Bitstamp BTC spot,inner_val,spot,2021-01-01 00:00:00+00:00,2022-12-31 23:55:00+00:00,730.0,0.004,1.0,10.0,0.0,not charged,27,0.036986301369863014,0,0.0,3.6986301369863015,-0.01221935446376827,0.37031438525624927,0.5001103624774786,27,r190_v4_b20,0.5,0,train,0.015051895496794246,0.019376506158337116,0.2873133594678442,False,False
match_r190_v4_b20_inner_val_i1,spot,1000.0,940.1047732224267,-59.89522677757327,-5.98952267775733,1,0.0,-59.895226777573754,-59.895226777573754,-59.895226777573754,40.05630055104125,0.06426541765533846,99.99952435312025,10.674586298736589,False,Bitstamp BTC spot,inner_val,spot,2021-01-01 00:00:00+00:00,2022-12-31 23:55:00+00:00,730.0,0.004,1.0,10.0,0.0,not charged,49,0.06712328767123288,0,0.0,6.438356164383562,0.03638125348279436,0.2877916738077316,0.39228767227819483,49,r190_v4_b20,0.388405819237899,1,train,0.015051895496794246,0.015058548524910571,0.00044200599969238186,True,True
