period,market,above,below,d_log_growth,lo,hi,p_positive,distinguishable
full,spot,attrition_reversion,buy_and_hold,,-14.418610009826702,-4.5580670159582235,0.0,True
full,spot,buy_and_hold,camouflage_flow,,-0.07015742852988587,9.691962379023465,0.287,False
full,spot,camouflage_flow,champions_council,,-6.198893277623797,-1.3806479839402594,0.0005,True
full,spot,champions_council,elliott_wave,,2.0704321108513977,6.729558223087877,0.2955,True
full,spot,elliott_wave,elliott_wave_zigzag,,-5.3862080699830095,-0.6855903974698297,0.0015,True
full,spot,elliott_wave_zigzag,flow_regime,,0.4512373028054796,4.811308479330789,0.292,True
full,spot,flow_regime,game_council,,-0.14093683855700512,1.0677115744741994,0.2755,False
full,spot,game_council,game_switch,,1.1309401699235653,7.5306594974105305,0.2955,True
full,spot,game_switch,harsanyi_crowd,,-8.789245439735495,-2.324606786240631,0.0,True
full,spot,harsanyi_crowd,hedge_experts,,-5.690091431179472,0.17319729820803637,0.0095,False
full,spot,hedge_experts,kelly_regime,,-2.2726051666423706,-0.22718422367675917,0.002,True
full,spot,kelly_regime,kelly_regime_ev,,-0.8304937710543632,0.8286158259129552,0.1705,False
full,spot,kelly_regime_ev,kelly_regime_ev_fast,,-1.6227134757951123,0.6845097054593031,0.052,False
full,spot,kelly_regime_ev_fast,kelly_regime_v2,,-0.9950287502170445,1.6838841957874262,0.212,False
full,spot,kelly_regime_v2,kelly_regime_v3,,-0.8838338225018052,0.11920257955329949,0.027,False
full,spot,kelly_regime_v3,kelly_regime_v4,,-0.3891453485233068,0.3444194413846866,0.1375,False
full,spot,kelly_regime_v4,macd_cross,,4.378496112841668,14.453735907024278,0.2955,True
full,spot,macd_cross,macd_rsi,,-2.2215549776436587,3.4502161797245976,0.192,False
full,spot,macd_rsi,minority_oracle,,-5.335488632014653,0.2198948203692377,0.0135,False
full,spot,minority_oracle,overshoot_fade,,-3.527194549581223,-1.6581429803539236,0.0,True
full,spot,overshoot_fade,regret_grid,,1.8325999251338372,7.957533935633019,0.2955,True
full,spot,regret_grid,replicator_book,,-9.890527239106707,-2.6175286115482463,0.0,True
full,spot,replicator_book,rsi_reversion,,4.12523801163884,8.208673389714342,0.2955,True
full,spot,rsi_reversion,stealth_trend,,-7.156081447545527,-1.529880096440413,0.0005,True
full,spot,stealth_trend,tft_trend,,2.4663603187260215,6.4922906399180995,0.2955,True
full,spot,tft_trend,universal_kelly,,-7.729403048458877,-3.5727144696783486,0.0,True
full,futures,attrition_reversion,buy_and_hold,,-12.450659346193833,1.8582262952834456,0.0235,False
full,futures,buy_and_hold,camouflage_flow,,-1.0457264902628804,11.070548783213603,0.2805,False
full,futures,camouflage_flow,champions_council,,-16.45228602007967,-5.474447261662236,0.0,True
full,futures,champions_council,elliott_wave,,0.17670959272707043,12.602245987899632,0.2895,True
full,futures,elliott_wave,elliott_wave_zigzag,,-6.991696550911854,11.717527828591603,0.1835,False
full,futures,elliott_wave_zigzag,flow_regime,,-5.303492765384484,12.283006099886379,0.232,False
full,futures,flow_regime,game_council,,-5.538269707523058,2.7213528297506726,0.1115,False
full,futures,game_council,game_switch,,-3.160134053859919,5.505207134040199,0.172,False
full,futures,game_switch,harsanyi_crowd,,-11.584462522522312,-1.6566509135516347,0.0005,True
full,futures,harsanyi_crowd,hedge_experts,,-11.734128080529539,13.215130296181155,0.1515,False
full,futures,hedge_experts,kelly_regime,,-16.900227322146154,3.11949581781732,0.0335,False
full,futures,kelly_regime,kelly_regime_ev,,-0.8355800280170905,0.9032385130603546,0.152,False
full,futures,kelly_regime_ev,kelly_regime_ev_fast,,-0.31595839501071254,1.2157649430692783,0.261,False
full,futures,kelly_regime_ev_fast,kelly_regime_v2,,-1.7722933330910087,0.5731304525122609,0.0485,False
full,futures,kelly_regime_v2,kelly_regime_v3,,-0.8025133899208924,0.5541470782639455,0.112,False
full,futures,kelly_regime_v3,kelly_regime_v4,,-0.5812407631818213,0.32527895940310225,0.0885,False
full,futures,kelly_regime_v4,macd_cross,,3.021748188200702,18.311891229363887,0.2955,True
full,futures,macd_cross,macd_rsi,,-4.776795661589151,7.566998313416565,0.198,False
full,futures,macd_rsi,minority_oracle,,-7.340667091135889,6.362223222065451,0.163,False
full,futures,minority_oracle,overshoot_fade,,-5.96493010656219,1.1594895027313363,0.0325,False
full,futures,overshoot_fade,regret_grid,,-4.081157383915235,9.497961745473061,0.177,False
full,futures,regret_grid,replicator_book,,-11.065528037201341,8.116832170598983,0.136,False
full,futures,replicator_book,rsi_reversion,,-9.512328775834023,12.340109765546877,0.1795,False
full,futures,rsi_reversion,stealth_trend,,-9.795024456564342,15.325472511945822,0.1785,False
full,futures,stealth_trend,tft_trend,,-10.820666504530887,6.685648370253543,0.098,False
full,futures,tft_trend,universal_kelly,,-14.282009090595253,-0.9629233540625421,0.0,True
holdout,spot,buy_and_hold,kelly_regime_v4,0.1291539838657858,-0.7444961854401582,0.940582665323656,0.627,False
holdout,spot,kelly_regime_v4,kelly_regime_ev_fast,0.02263995460745938,-0.33034902170565605,0.3628283187082326,0.5715,False
holdout,spot,kelly_regime_ev_fast,kelly_regime_v3,0.09076254921250704,-0.2500947753452137,0.4228234791025068,0.699,False
holdout,spot,kelly_regime_v3,kelly_regime_ev,0.011821082699843943,-0.33268855658104535,0.3772107703940358,0.5135,False
holdout,spot,kelly_regime_ev,kelly_regime_v2,0.028658100350765547,-0.3717792852737767,0.4050767895972233,0.5605,False
holdout,spot,kelly_regime_v2,kelly_regime,0.00792789324329557,-0.16257705380466414,0.177016331379359,0.5425,False
holdout,spot,kelly_regime,champions_council,0.21771587454981445,-0.10475136320273748,0.5229871156264146,0.913,False
holdout,spot,champions_council,hedge_experts,0.5684021979823928,0.2785381262832297,0.8790149708236649,1.0,True
holdout,spot,hedge_experts,universal_kelly,0.266598253792496,-0.8212268071339246,1.4404572994512754,0.662,False
holdout,spot,universal_kelly,replicator_book,0.04743542519609102,-0.3897859053839725,0.49919272945455223,0.6005,False
holdout,spot,replicator_book,harsanyi_crowd,0.02176556293030593,-0.44815784831941585,0.48638995013340414,0.5235,False
holdout,spot,harsanyi_crowd,overshoot_fade,0.012287589669441074,-0.08283357202470078,0.11663585290217811,0.596,False
holdout,spot,overshoot_fade,elliott_wave_zigzag,0.11053997834449449,-0.5577980327020127,0.828370397397361,0.6185,False
holdout,spot,elliott_wave_zigzag,game_council,0.11981699263503759,-0.5763096805664245,0.7588883148912942,0.641,False
holdout,spot,game_council,stealth_trend,0.002675845822896483,-0.37988843922633486,0.37843637838809335,0.493,False
holdout,spot,stealth_trend,minority_oracle,0.06658336554553096,-0.4379441009955234,0.6662391043277311,0.596,False
holdout,spot,minority_oracle,flow_regime,0.028513756952873504,-0.3840180649092574,0.3385029581259464,0.5605,False
holdout,spot,flow_regime,camouflage_flow,0.031323090994786806,-0.1786625802195912,0.23235767315088146,0.623,False
holdout,spot,camouflage_flow,game_switch,0.5828924686811106,0.041709189027884494,1.237826871848368,0.985,True
holdout,spot,game_switch,elliott_wave,0.026020362676835607,-0.6151115136976563,0.604968427606577,0.553,False
holdout,spot,elliott_wave,tft_trend,2.545386350770191,1.862529499726627,3.1636472318896836,1.0,True
holdout,spot,tft_trend,rsi_reversion,0.6275217910789879,-0.13433275686476984,1.378601629641471,0.947,False
holdout,spot,rsi_reversion,macd_cross,1.0558517867611004,-2.899972610249657,6.132750520861033,0.6455,False
holdout,spot,macd_cross,regret_grid,0.003383231028927902,-2.373336263261385,2.0534225079566024,0.502,False
holdout,spot,regret_grid,macd_rsi,0.011505826666889263,-2.1937262800139,2.1580248617931566,0.4945,False
holdout,spot,macd_rsi,attrition_reversion,0.017269984646682168,-2.378945439364659,2.40129456769114,0.523,False
holdout,futures,buy_and_hold,kelly_regime_v4,1.127000255065209,-0.518639516179222,2.9526322326724634,0.9005,False
holdout,futures,kelly_regime_v4,kelly_regime_v3,0.08953067946566118,-0.1833348240051671,0.3683356607224357,0.732,False
holdout,futures,kelly_regime_v3,kelly_regime_ev,0.04859231058255453,-0.3186780826688068,0.42210755762256924,0.6005,False
holdout,futures,kelly_regime_ev,kelly_regime,0.005312910312115449,-0.5343930645410712,0.4778831419317323,0.499,False
holdout,futures,kelly_regime,kelly_regime_ev_fast,0.044764164043859855,-0.44001668610831696,0.5279794614740176,0.5755,False
holdout,futures,kelly_regime_ev_fast,kelly_regime_v2,0.022799673001486997,-0.47621883196336295,0.5108986319609756,0.5445,False
holdout,futures,kelly_regime_v2,champions_council,0.3248246770572729,-0.17921288004161137,0.9034891174366024,0.8845,False
holdout,futures,champions_council,universal_kelly,1.0583384920356869,-0.21787426095753978,2.4660502855919417,0.9415,False
holdout,futures,universal_kelly,harsanyi_crowd,0.528601840611015,0.12868820845442341,0.9039842895046311,0.993,True
holdout,futures,harsanyi_crowd,hedge_experts,0.023986987572265805,-5.221928259314732,5.094223341202542,0.511,False
holdout,futures,hedge_experts,overshoot_fade,0.27273357170967016,-4.615956767237379,5.463508381052575,0.524,False
holdout,futures,overshoot_fade,replicator_book,1.3647455028562745,-1.135084398665581,3.861239574287848,0.8475,False
holdout,futures,replicator_book,camouflage_flow,0.038209732946026254,-2.793802529275451,2.8073523616397176,0.4865,False
holdout,futures,camouflage_flow,game_council,0.02612727718128882,-1.090996723194488,1.1212611523849956,0.5155,False
holdout,futures,game_council,minority_oracle,0.02389633463303875,-1.7192686162588258,2.5388030187377106,0.492,False
holdout,futures,minority_oracle,flow_regime,0.16879044486675143,-2.484783015822861,2.3114887663229613,0.5655,False
holdout,futures,flow_regime,stealth_trend,0.6812866406981097,-1.4857894728822032,2.7827518476646422,0.744,False
holdout,futures,stealth_trend,game_switch,0.4466365734823947,-2.491252271930961,3.8055493412739683,0.5955,False
holdout,futures,game_switch,elliott_wave_zigzag,1.4893358338734028,-5.314702050278447,10.804004288156658,0.6105,False
holdout,futures,elliott_wave_zigzag,elliott_wave,0.45745691662188825,-9.467128186026718,7.576334323755573,0.573,False
holdout,futures,elliott_wave,macd_cross,1.293797125386197,-6.690501168427967,13.036941665201612,0.534,False
holdout,futures,macd_cross,regret_grid,0.005627082832213581,-4.363112148946741,4.079646659028063,0.526,False
holdout,futures,regret_grid,macd_rsi,0.0650937260962321,-3.44117861555799,4.128727846240373,0.522,False
holdout,futures,macd_rsi,attrition_reversion,0.022794270463594835,-3.0568684140723783,2.982057392144029,0.492,False
holdout,futures,attrition_reversion,tft_trend,0.001674848083929703,-6.402797545838402,5.889913654662595,0.504,False
holdout,futures,tft_trend,rsi_reversion,0.09576315059083829,-5.411870527707223,5.42937595798989,0.507,False
