trial,market,strategy,return_pct,max_dd_pct,vol,c,liquidated
1,spot,buy_and_hold,2.4763400261303747,26.970401404186372,0.5345949247675981,,False
1,spot,kelly_regime_v4,-4.762311792585749,19.066106984334517,0.36274304729133333,,False
1,spot,vol-matched rebalanced c=0.353,1.5245951307559569,10.376118946821359,0.19166194933981498,,False
1,spot,vol-matched static     c=0.293,0.7254925529360357,8.67759116171737,0.15759913042196347,,False
1,spot,notional-matched reb.  c=0.283,1.510115611762397,8.127219861580308,0.1531160160837761,,False
1,spot,per-window matched hold,1.6552834989297827,18.81728655088423,0.3581321377641178,0.6678957010208283,False
1,futures,buy_and_hold,12.612483989314537,89.33725384198284,3.1139382112374827,,False
1,futures,kelly_regime_v4,-6.422660715102002,19.667345756352532,0.37323806137090976,,False
1,futures,vol-matched rebalanced c=0.353,1.5472787881632755,10.374377497018575,0.19164048880509496,,False
1,futures,vol-matched static     c=0.293,0.739015087727779,8.66387675824095,0.1573461971868501,,False
1,futures,notional-matched reb.  c=0.283,1.5312768355341344,8.125799556159707,0.15311414662112371,,False
1,futures,per-window matched hold,1.7377670349221663,19.308771720304698,0.3683711740444779,0.6873135198261734,False
2,spot,buy_and_hold,307.8527538169158,55.33445107223397,0.8861067262402462,,False
2,spot,kelly_regime_v4,233.91914646155493,24.62707403622853,0.4101221700592394,,False
2,spot,vol-matched rebalanced c=0.353,85.19063633482877,22.747397551136164,0.3141570479341085,,False
2,spot,vol-matched static     c=0.293,90.19152375614246,39.98195502559808,0.5411812932607836,,False
2,spot,notional-matched reb.  c=0.283,66.56724689186828,18.15251396686186,0.2516293406320259,,False
2,spot,per-window matched hold,117.68200303258136,30.233758710400206,0.4092080304269008,0.45963256553779336,False
2,futures,buy_and_hold,1537.201937224092,63.3959641424986,1.217768187744574,,False
2,futures,kelly_regime_v4,241.06200499818505,21.277661023280086,0.4106533625579838,,False
2,futures,vol-matched rebalanced c=0.353,85.1187269318979,22.746572943216616,0.31423218386924706,,False
2,futures,vol-matched static     c=0.293,90.07071291074922,39.95608255350922,0.5407068762034248,,False
2,futures,notional-matched reb.  c=0.283,66.71869735857932,18.14624870373326,0.251619344917834,,False
2,futures,per-window matched hold,118.01033250874337,30.26161005799256,0.4098344209102302,0.46023306328553676,False
3,spot,buy_and_hold,54.864360071798956,31.543388725055433,0.5155366388504042,,False
3,spot,kelly_regime_v4,43.365125894686926,23.447640710978213,0.32783224359537816,,False
3,spot,vol-matched rebalanced c=0.353,20.292714162197335,12.028449072880598,0.18138930894539687,,False
3,spot,vol-matched static     c=0.293,16.073594188876527,12.60606151649794,0.16946060537660368,,False
3,spot,notional-matched reb.  c=0.283,15.933001616757103,9.912611814944773,0.14652401692775216,,False
3,spot,per-window matched hold,36.08491943622016,21.29971880638616,0.3316625425005095,0.6378765941013564,False
3,futures,buy_and_hold,-98.1954802135678,98.62203270074122,1.3244638017333608,,True
3,futures,kelly_regime_v4,49.471971324233735,23.974767786709624,0.3517733764698267,,False
3,futures,vol-matched rebalanced c=0.353,20.33834353457582,12.025081207289546,0.1813841584172623,,False
3,futures,vol-matched static     c=0.293,16.064071526016676,12.588423355097273,0.16919929280961554,,False
3,futures,notional-matched reb.  c=0.283,15.969696992526018,9.91119062935697,0.14652056298535338,,False
3,futures,per-window matched hold,39.745249417754124,22.269721740303783,0.3536638649154075,0.6844795206827611,False
4,spot,buy_and_hold,20.7409015167364,21.199399685452654,0.3668251580152426,,False
4,spot,kelly_regime_v4,19.927526636410818,13.97209586127081,0.2904557732423475,,False
4,spot,vol-matched rebalanced c=0.353,7.8090110173675065,7.797034508411461,0.13231820999603416,,False
4,spot,vol-matched static     c=0.293,6.076455346516241,6.3681970789988425,0.10747488141388478,,False
4,spot,notional-matched reb.  c=0.283,6.15871532927994,6.30114689609725,0.10515642244623262,,False
4,spot,per-window matched hold,16.092143492621425,16.577782249555963,0.2839671118380895,0.7749626429428116,False
4,futures,buy_and_hold,103.79817010983263,92.67833780145868,3.2935995852356945,,False
4,futures,kelly_regime_v4,25.92266549977198,17.0619467412969,0.3914382823745455,,False
4,futures,vol-matched rebalanced c=0.353,7.83472064927635,7.794222395847406,0.13230988420695217,,False
4,futures,vol-matched static     c=0.293,6.081943402638923,6.357816241005251,0.10729667606393038,,False
4,futures,notional-matched reb.  c=0.283,6.178797199981068,6.299085087684644,0.10515077209869228,,False
4,futures,per-window matched hold,21.740572214434017,22.12130367433465,0.3836450867725756,1.0444633240730106,False
5,spot,buy_and_hold,-40.96833932920183,55.37783589606002,0.9978284118691279,,False
5,spot,kelly_regime_v4,-7.652126898413836,16.973709508921207,0.23899476203016126,,False
5,spot,vol-matched rebalanced c=0.353,-12.397503811622324,23.32672883084912,0.35060085664545043,,False
5,spot,vol-matched static     c=0.293,-12.002481394260577,17.85476968720254,0.23871278309239755,,False
5,spot,notional-matched reb.  c=0.283,-8.928045212971492,18.892790951697872,0.28129048307787013,,False
5,spot,per-window matched hold,-8.176214685284188,16.35109145937075,0.23799718194656488,0.24097182028366407,False
5,futures,buy_and_hold,-98.19548021356789,98.96475845425927,3.213296864248378,,True
5,futures,kelly_regime_v4,-5.984927346629987,17.083064213949882,0.23517140944378234,,False
5,futures,vol-matched rebalanced c=0.353,-12.351035418415224,23.32096049654247,0.3505874890166178,,False
5,futures,vol-matched static     c=0.293,-11.96984778747604,17.82657923835533,0.238293693657135,,False
5,futures,notional-matched reb.  c=0.283,-8.879806393717027,18.886742580627068,0.28128671809614864,,False
5,futures,per-window matched hold,-7.948909043489394,16.10373992888445,0.2346703127142263,0.23712681781933934,False
6,spot,buy_and_hold,-10.238249981762914,52.3919062290535,0.4298114456161368,,False
6,spot,kelly_regime_v4,3.3918918965894163,27.835433832141522,0.23738880762038045,,False
6,spot,vol-matched rebalanced c=0.353,-1.545597213027472,21.949903222899966,0.15158117993852527,,False
6,spot,vol-matched static     c=0.293,-2.9994968536180666,20.342016988800413,0.1322970647306594,,False
6,spot,notional-matched reb.  c=0.283,-1.4053841211740359,18.101307466911763,0.1204688312946538,,False
6,spot,per-window matched hold,-3.8266507197012745,33.05075317154665,0.24206118459882156,0.5527027870517681,False
6,futures,buy_and_hold,-98.19548021356783,99.5065792890478,2.0981946820237978,,True
6,futures,kelly_regime_v4,6.455313247797934,31.758608297811385,0.28106511068733475,,False
6,futures,vol-matched rebalanced c=0.353,-1.5160299916601838,21.9426121756418,0.15157493295418611,,False
6,futures,vol-matched static     c=0.293,-2.980381241639307,20.31301629506459,0.13208639610869433,,False
6,futures,notional-matched reb.  c=0.283,-0.9780871191052642,18.10496869469355,0.12091135002983985,,False
6,futures,per-window matched hold,-3.6552273711908834,37.343520705152535,0.2852349584659178,0.6544319958119654,False
7,spot,buy_and_hold,144.82605280602345,32.54338749742425,0.47962658543017006,,False
7,spot,kelly_regime_v4,93.91830640539898,23.90575871125184,0.34348341804806576,,False
7,spot,vol-matched rebalanced c=0.353,44.27316060321049,12.30358607157316,0.17147857615520337,,False
7,spot,vol-matched static     c=0.293,42.42964280881829,17.640402328897522,0.20860885663236584,,False
7,spot,notional-matched reb.  c=0.283,33.71617757500811,9.558952661586256,0.13675472690912235,,False
7,spot,per-window matched hold,94.35701878968561,24.970333856954532,0.35221958431999795,0.708918412536622,False
7,futures,buy_and_hold,723.2923563513932,60.49878108155383,1.2333013155196533,,False
7,futures,kelly_regime_v4,126.50972413677191,26.884947124996124,0.408337145984559,,False
7,futures,vol-matched rebalanced c=0.353,44.34343435363797,12.298537130255177,0.17147460916850735,,False
7,futures,vol-matched static     c=0.293,42.380546499381964,17.62156901590068,0.20834587998164467,,False
7,futures,notional-matched reb.  c=0.283,33.768718553656775,9.55232554320044,0.13675202497434757,,False
7,futures,per-window matched hold,121.57705862307151,28.212481049404868,0.41219171039313274,0.8428261033835938,False
8,spot,buy_and_hold,252.73842621816573,32.543386875767716,0.4791259406427357,,False
8,spot,kelly_regime_v4,190.37960201587438,23.474351498298716,0.3568417541020113,,False
8,spot,vol-matched rebalanced c=0.353,63.166433002870434,11.70856215931888,0.17120209201462605,,False
8,spot,vol-matched static     c=0.293,74.0446966600863,17.21033318135976,0.217369671916389,,False
8,spot,notional-matched reb.  c=0.283,49.134476477002195,9.432259144043748,0.13688086360024948,,False
8,spot,per-window matched hold,165.53344511375116,24.829337427115668,0.356057082019686,0.7355878311563465,False
8,futures,buy_and_hold,1262.0440704585603,67.3074629965231,1.1573289447736004,,False
8,futures,kelly_regime_v4,247.83503953954548,23.72392100088519,0.42348731456378763,,False
8,futures,vol-matched rebalanced c=0.353,63.23932015957139,11.700478920825184,0.17119686914836546,,False
8,futures,vol-matched static     c=0.293,73.94813029982224,17.19142936317261,0.21710249669150783,,False
8,futures,notional-matched reb.  c=0.283,49.19956704783783,9.424223962047398,0.13687759664332785,,False
8,futures,per-window matched hold,220.83092442467574,30.8912133703801,0.44342535122623244,0.8729965207080012,False
9,spot,buy_and_hold,23.27943754879158,68.49417056475414,0.6886424262511874,,False
9,spot,kelly_regime_v4,76.02253616167276,27.47810121302543,0.32088546773819576,,False
9,spot,vol-matched rebalanced c=0.353,15.643639657946729,31.052290653346105,0.241759681520073,,False
9,spot,vol-matched static     c=0.293,6.820169443603996,25.572967133598972,0.18066993488326266,,False
9,spot,notional-matched reb.  c=0.283,12.893919362900697,25.602917036037887,0.19386790944356988,,False
9,spot,per-window matched hold,16.438859810059036,40.18680440388946,0.3241654290225122,0.46944973130264644,False
9,futures,buy_and_hold,-98.19548021356789,99.43407827306132,2.8275314748154377,,True
9,futures,kelly_regime_v4,117.32408315828641,23.36039631959237,0.34593625196796324,,False
9,futures,vol-matched rebalanced c=0.353,15.714078138194388,31.03688724051788,0.24175823779945058,,False
9,futures,vol-matched static     c=0.293,6.824540811893232,25.535621799075592,0.18036742726984845,,False
9,futures,notional-matched reb.  c=0.283,12.957493503881935,25.58631920324359,0.19386290455343622,,False
9,futures,per-window matched hold,18.31751555212906,42.439985790809125,0.34935901213487475,0.5061036103512466,False
10,spot,buy_and_hold,173.24327627528538,62.2830449181709,0.8517639733146921,,False
10,spot,kelly_regime_v4,202.2304647537753,24.654054447827093,0.38185931281356006,,False
10,spot,vol-matched rebalanced c=0.353,63.18358307555445,26.39866577111727,0.30058133443821244,,False
10,spot,vol-matched static     c=0.293,50.75502776586107,45.21952173494556,0.5075089362152588,,False
10,spot,notional-matched reb.  c=0.283,47.79699451656128,22.204555370692898,0.2413834608922293,,False
10,spot,per-window matched hold,82.7130140769407,33.266545039727944,0.381973200502439,0.44711849913397206,False
10,futures,buy_and_hold,865.1651311791653,71.17764299091466,1.3406552276903632,,False
10,futures,kelly_regime_v4,242.71710349837315,21.466195824946592,0.39141500960808634,,False
10,futures,vol-matched rebalanced c=0.353,63.349302874635384,26.380828737011612,0.30057458179763136,,False
10,futures,vol-matched static     c=0.293,50.693430878411185,45.19062698938508,0.5070485855259458,,False
10,futures,notional-matched reb.  c=0.283,47.92242968578455,22.190777510545512,0.24137451042921834,,False
10,futures,per-window matched hold,86.94541275796301,33.59906370614987,0.38972456715482273,0.45890748025712236,False
11,spot,buy_and_hold,396.79966935509594,52.932093074990064,0.8682818242026762,,False
11,spot,kelly_regime_v4,268.5138133790679,20.973891330889487,0.46354166110645867,,False
11,spot,vol-matched rebalanced c=0.353,89.05746346339605,22.09753306654538,0.30668213700535835,,False
11,spot,vol-matched static     c=0.293,116.25027342244661,42.028171077944734,0.5534552573562983,,False
11,spot,notional-matched reb.  c=0.283,71.34980352600112,18.152513966861864,0.24712813353655322,,False
11,spot,per-window matched hold,159.98111741224074,31.6591859791778,0.469899924067452,0.5333900193116916,False
11,futures,buy_and_hold,1981.2687452788196,57.907355089304104,1.3691958987572797,,False
11,futures,kelly_regime_v4,350.5265390433128,17.749793258980514,0.4857904900099624,,False
11,futures,vol-matched rebalanced c=0.353,89.17340248830487,22.08999435627101,0.30667316536017647,,False
11,futures,vol-matched static     c=0.293,116.09033532530214,42.007974999331324,0.5530385119387422,,False
11,futures,notional-matched reb.  c=0.283,71.47492203045172,18.146248703733296,0.2471246364840225,,False
11,futures,per-window matched hold,167.2984979341942,33.41390076260179,0.4886741072779118,0.5590075812949835,False
12,spot,buy_and_hold,-21.78301765676265,35.9080181586897,0.38977081628752047,,False
12,spot,kelly_regime_v4,-7.385308644693566,17.790565014752968,0.2144093084997057,,False
12,spot,vol-matched rebalanced c=0.353,-7.974754531210715,14.313665144899668,0.13729509518581443,,False
12,spot,vol-matched static     c=0.293,-6.381763781911065,11.620162027850139,0.11060813575817628,,False
12,spot,notional-matched reb.  c=0.283,-5.696537871501928,11.273445752626365,0.10977951713926053,,False
12,spot,per-window matched hold,-12.131612805230407,21.423483817905815,0.21526221673359613,0.5512095732058855,False
12,futures,buy_and_hold,-98.19548021356785,98.98303877743736,2.7868621304312424,,True
12,futures,kelly_regime_v4,-9.05665021087103,21.66367265893786,0.2844446396422596,,False
12,futures,vol-matched rebalanced c=0.353,-7.9559306746573295,14.310454281421508,0.13727534233076005,,False
12,futures,vol-matched static     c=0.293,-6.357569691061005,11.601847465967209,0.1104227597178703,,False
12,futures,notional-matched reb.  c=0.283,-5.676826027175497,11.269493737080339,0.10977048318474124,,False
12,futures,per-window matched hold,-15.917378803413973,27.267649340565605,0.28128123183771564,0.7313628236177611,False
13,spot,buy_and_hold,-19.338701786912928,67.68988243351585,0.5464493205078228,,False
13,spot,kelly_regime_v4,32.91201646368942,23.893496638402095,0.2800526189426667,,False
13,spot,vol-matched rebalanced c=0.353,-0.9213172375161061,30.163677771959023,0.19399196977945915,,False
13,spot,vol-matched static     c=0.293,-5.665653335895127,21.444797563363583,0.1071705943606831,,False
13,spot,notional-matched reb.  c=0.283,-1.6501008439794296,25.794642739142283,0.15388836838386083,,False
13,spot,per-window matched hold,-5.965383227710708,41.829697885453506,0.27851073297287365,0.5105817088706248,False
13,futures,buy_and_hold,-98.19548021356782,98.87015270942531,1.4969087507042982,,True
13,futures,kelly_regime_v4,49.92167894056516,26.311638307946982,0.3209271258060476,,False
13,futures,vol-matched rebalanced c=0.353,-1.6205138882383507,30.675525658410503,0.19364253755000355,,False
13,futures,vol-matched static     c=0.293,-5.6425344859549975,21.410659137195452,0.10697246964687349,,False
13,futures,notional-matched reb.  c=0.283,-1.6053516492123387,25.782774289736814,0.153885257877183,,False
13,futures,per-window matched hold,-7.213409558555062,46.94706891693807,0.3221587392449147,0.5851207970553478,False
14,spot,buy_and_hold,55.96608187116612,32.543371427654925,0.5407247227728385,,False
14,spot,kelly_regime_v4,19.829792778224675,24.342905397779806,0.3745247626166327,,False
14,spot,vol-matched rebalanced c=0.353,20.61427117978669,11.701684189272385,0.19288098103883167,,False
14,spot,vol-matched static     c=0.293,16.396365275405046,10.717367800149527,0.17707174607982745,,False
14,spot,notional-matched reb.  c=0.283,16.64317205412069,9.177575092320616,0.1526201913297107,,False
14,spot,per-window matched hold,37.55109363463416,23.5286106316114,0.3763310730827714,0.6870657321621972,False
14,futures,buy_and_hold,-98.19548021356782,99.06319717642221,2.085805052458122,,True
14,futures,kelly_regime_v4,22.555486576915328,25.450466573620577,0.3973783584601951,,False
14,futures,vol-matched rebalanced c=0.353,20.657959236768942,11.698298188702879,0.1928754343842214,,False
14,futures,vol-matched static     c=0.293,16.386357971274144,10.700618672015485,0.17679859293898872,,False
14,futures,notional-matched reb.  c=0.283,16.682270209429937,9.172244809478281,0.1526165025494785,,False
14,futures,per-window matched hold,40.49120938431805,24.78621639667385,0.3973021443533128,0.7290117603726195,False
15,spot,buy_and_hold,167.90488171421268,55.33444649793174,0.9234573402981866,,False
15,spot,kelly_regime_v4,100.02105258904774,23.59223950141771,0.4038645388640941,,False
15,spot,vol-matched rebalanced c=0.353,57.87165329501285,22.559045665774025,0.3256843396496115,,False
15,spot,vol-matched static     c=0.293,49.19104000253902,34.94469373015221,0.4770365608708681,,False
15,spot,notional-matched reb.  c=0.283,46.521665670997294,18.152513966861868,0.2619538265486345,,False
15,spot,per-window matched hold,72.00153009704742,28.502666580352248,0.40474787774584814,0.4373404891562063,False
15,futures,buy_and_hold,838.5132364110468,68.5874896662805,1.5432686478827455,,False
15,futures,kelly_regime_v4,93.37564219287071,21.097615927638067,0.39222472283919146,,False
15,futures,vol-matched rebalanced c=0.353,57.80087048458968,22.55591850965034,0.3257671969068593,,False
15,futures,vol-matched static     c=0.293,49.131791445064074,34.91466783653252,0.47651396013179786,,False
15,futures,notional-matched reb.  c=0.283,46.644821103246436,18.14624870373328,0.2619429011552616,,False
15,futures,per-window matched hold,70.31026370801534,27.35969879716497,0.3938885647429748,0.42474343741434045,False
16,spot,buy_and_hold,154.45144213295455,53.45679910848169,0.7471456531873563,,False
16,spot,kelly_regime_v4,150.81195218801957,30.23750950686154,0.4090978604595067,,False
16,spot,vol-matched rebalanced c=0.353,51.65818647946494,19.896386162325427,0.2649371293739226,,False
16,spot,vol-matched static     c=0.293,45.24959007054819,32.88760994943318,0.37485342350787465,,False
16,spot,notional-matched reb.  c=0.283,40.14442732021668,16.548246221254285,0.2123854652900188,,False
16,spot,per-window matched hold,76.73433630731424,32.823630318488455,0.40920725328706237,0.5449734739236571,False
16,futures,buy_and_hold,771.347040303414,67.42115995152508,1.2665634892289528,,False
16,futures,kelly_regime_v4,184.08461051393078,27.568573264253754,0.43572742657846475,,False
16,futures,vol-matched rebalanced c=0.353,51.764282807861626,19.872315660604002,0.26493290453989404,,False
16,futures,vol-matched static     c=0.293,45.19625960606422,32.858102726234364,0.37442863950627275,,False
16,futures,notional-matched reb.  c=0.283,40.23190211037513,16.528064839474546,0.21237897039819495,,False
16,futures,per-window matched hold,88.66838289253123,32.58767297079253,0.4337728972360832,0.5804569918054182,False
17,spot,buy_and_hold,-36.72315757266392,63.497424523682,0.7479442610599026,,False
17,spot,kelly_regime_v4,-0.5412050709015293,15.29278688364176,0.20798406227741653,,False
17,spot,vol-matched rebalanced c=0.353,-12.575507330651881,28.40547666968984,0.26405775955213967,,False
17,spot,vol-matched static     c=0.293,-10.758771839946712,21.608090371766554,0.17131388533767844,,False
17,spot,notional-matched reb.  c=0.283,-10.486991113883725,23.86335763989843,0.21064607227468163,,False
17,spot,per-window matched hold,-10.321183816457303,23.522366532047954,0.20726916097229428,0.27817970606314196,False
17,futures,buy_and_hold,-98.19548021356783,99.18900418193272,2.217286792975401,,True
17,futures,kelly_regime_v4,-3.82280488933332,15.845852964403997,0.18503255997260015,,False
17,futures,vol-matched rebalanced c=0.353,-12.572998320698137,28.40151904976195,0.2638879673088502,,False
17,futures,vol-matched static     c=0.293,-10.728005664925423,21.574872849968866,0.17101205197297673,,False
17,futures,notional-matched reb.  c=0.283,-10.463021223931257,23.85642787614837,0.21064170250361774,,False
17,futures,per-window matched hold,-8.678373778120196,21.250790082637533,0.1840566305765013,0.24748596865136369,False
18,spot,buy_and_hold,235.68767445011733,84.06746333086511,0.9980447188943985,,False
18,spot,kelly_regime_v4,303.5451073797794,42.97544326073444,0.38952249601820427,,False
18,spot,vol-matched rebalanced c=0.353,85.80670566692513,42.03147524671145,0.3530976248151783,,False
18,spot,vol-matched static     c=0.293,69.0493433163816,59.49113065020878,0.5142503280635682,,False
18,spot,notional-matched reb.  c=0.283,67.66690173490417,34.63968769197865,0.28140772750552534,,False
18,spot,per-window matched hold,92.14974386416415,46.23371070462191,0.38833997777937035,0.3903579961944834,False
18,futures,buy_and_hold,1176.9183202652255,97.39114718918447,2.0017093968033386,,False
18,futures,kelly_regime_v4,379.1399149321203,34.63265633016196,0.39845808902578367,,False
18,futures,vol-matched rebalanced c=0.353,86.09608605988545,41.982893251427086,0.3530799706120246,,False
18,futures,vol-matched static     c=0.293,68.96027748666364,59.45056889067041,0.5137058186908497,,False
18,futures,notional-matched reb.  c=0.283,67.89444880834101,34.59635644301994,0.28140204590740336,,False
18,futures,per-window matched hold,100.31306296547173,46.093745271884494,0.39738108415887946,0.3993203010499755,False
19,spot,buy_and_hold,181.54129230385806,32.54338558426089,0.5047239916289982,,False
19,spot,kelly_regime_v4,136.415385211283,23.470842453546776,0.35170790399686946,,False
19,spot,vol-matched rebalanced c=0.353,51.960002898735944,12.303586071573147,0.18036082998324318,,False
19,spot,vol-matched static     c=0.293,53.18609489289074,18.91247462512457,0.238629243552245,,False
19,spot,notional-matched reb.  c=0.283,39.39641692607137,9.87929992356206,0.14327152203207041,,False
19,spot,per-window matched hold,111.7738573295958,23.769512080796517,0.3535161008588577,0.6892076687440748,False
19,futures,buy_and_hold,906.5929139043965,85.29016907388403,1.486118978981068,,False
19,futures,kelly_regime_v4,169.7705520560387,23.784255622905967,0.4104637109656905,,False
19,futures,vol-matched rebalanced c=0.353,52.039159497665025,12.298537130255157,0.18035736029080476,,False
19,futures,vol-matched static     c=0.293,53.120847754499344,18.894816646876535,0.23834746058283537,,False
19,futures,notional-matched reb.  c=0.283,39.4561987392418,9.87784860438719,0.14326918437573272,,False
19,futures,per-window matched hold,143.99780156918447,27.415118700914366,0.41238796589098603,0.8043643195459829,False
20,spot,buy_and_hold,27.156216459262737,31.380465645496802,0.5011676327585626,,False
20,spot,kelly_regime_v4,15.153126586498743,20.334390339331684,0.3304426573148073,,False
20,spot,vol-matched rebalanced c=0.353,10.736551598993604,12.02121211148925,0.17411725240058729,,False
20,spot,vol-matched static     c=0.293,7.955948132817903,9.608178602623116,0.1503778614487541,,False
20,spot,notional-matched reb.  c=0.283,9.348490943249077,9.374219129668969,0.14241548552288205,,False
20,spot,per-window matched hold,21.439554404878702,21.582147875625182,0.33830448719427736,0.6698961146392997,False
20,futures,buy_and_hold,-98.19548021356785,98.64019144684679,2.3007487429687097,,True
20,futures,kelly_regime_v4,27.057329561146727,22.07705358411454,0.3816585533970341,,False
20,futures,vol-matched rebalanced c=0.353,10.768965417726362,12.01825790817376,0.17410389528564957,,False
20,futures,vol-matched static     c=0.293,7.9586141276999145,9.592645625387522,0.15013398620526494,,False
20,futures,notional-matched reb.  c=0.283,9.38065735919784,9.369390723241095,0.14241028437385403,,False
20,futures,per-window matched hold,21.07176780636555,24.634953606686715,0.3887497448701429,0.7737835684317526,False
21,spot,buy_and_hold,50.437557709038174,23.041098278773642,0.5286285488285983,,False
21,spot,kelly_regime_v4,38.62616650312991,18.10883312340823,0.38934947133802567,,False
21,spot,vol-matched rebalanced c=0.353,17.217993360383144,8.572340915005437,0.1862607752769652,,False
21,spot,vol-matched static     c=0.293,14.776675303096054,9.502993203344836,0.18991479113559387,,False
21,spot,notional-matched reb.  c=0.283,12.88473148452458,7.081125037228343,0.1507345976123599,,False
21,spot,per-window matched hold,37.19512958796673,17.421943100777167,0.3913812747228906,0.7351927231058225,False
21,futures,buy_and_hold,252.05850320202993,73.42717616438986,1.7730988642175909,,False
21,futures,kelly_regime_v4,53.105278982279636,14.258242537180788,0.4289125451415286,,False
21,futures,vol-matched rebalanced c=0.353,17.248091969587477,8.570518148390633,0.1862480008400828,,False
21,futures,vol-matched static     c=0.293,14.76909996589053,9.48997977789958,0.18963385194325486,,False
21,futures,notional-matched reb.  c=0.283,12.904781232991681,7.081027213346494,0.150726710371613,,False
21,futures,per-window matched hold,40.9323208639264,20.245290992438303,0.44897022050323987,0.8099494614399946,False
22,spot,buy_and_hold,311.35103798653336,62.8313094515274,0.9298804492779967,,False
22,spot,kelly_regime_v4,245.0501727410528,22.526660915444197,0.4252731321000963,,False
22,spot,vol-matched rebalanced c=0.353,89.10316038126894,28.354326242478773,0.32803966522052325,,False
22,spot,vol-matched static     c=0.293,91.2164149610379,42.54050504581538,0.4999200723437027,,False
22,spot,notional-matched reb.  c=0.283,64.81876424789368,23.490500458253994,0.2633433969730797,,False
22,spot,per-window matched hold,120.85636259545898,35.0089224990087,0.42727350089451527,0.45788425424593004,False
22,futures,buy_and_hold,-98.19548021356785,99.2786232143234,1.1853231680017404,,True
22,futures,kelly_regime_v4,331.13471709323824,19.458557290620327,0.4416096903687154,,False
22,futures,vol-matched rebalanced c=0.353,89.26704932798033,28.348512434468194,0.32794496286509994,,False
22,futures,vol-matched static     c=0.293,91.09406523996158,42.51756211212133,0.4994846363247544,,False
22,futures,notional-matched reb.  c=0.283,64.95328394130233,23.484021457275055,0.26334057829284346,,False
22,futures,per-window matched hold,125.228917239227,36.08717296567134,0.44613824351979664,0.4754834210779365,False
23,spot,buy_and_hold,-7.3852163107574365,38.588417393822674,0.49567214458734576,,False
23,spot,kelly_regime_v4,0.33606637962204644,16.891977866829812,0.23582307639173175,,False
23,spot,vol-matched rebalanced c=0.353,-1.7395509581151547,15.420132861190716,0.17560874253819714,,False
23,spot,vol-matched static     c=0.293,-2.163644482881766,12.219201328418842,0.12757521672652852,,False
23,spot,notional-matched reb.  c=0.283,-1.5001124017560263,12.575455098871469,0.14057723520485219,,False
23,spot,per-window matched hold,-2.9640696103900077,20.06771695981838,0.23031770566578455,0.47377990176515666,False
23,futures,buy_and_hold,-98.19548021356786,98.86731836738953,3.0121950142147313,,True
23,futures,kelly_regime_v4,0.6750383341829647,17.86644805267283,0.25111711170283413,,False
23,futures,vol-matched rebalanced c=0.353,-1.7160079364671343,15.415542587393766,0.17559736144249782,,False
23,futures,vol-matched static     c=0.293,-2.145783904492704,12.199744921584754,0.12735476587286854,,False
23,futures,notional-matched reb.  c=0.283,-1.4814711189844676,12.572003458413075,0.14057101192668503,,False
23,futures,per-window matched hold,-3.0763418606807313,21.257930938677237,0.24657088604203245,0.5048785605656961,False
24,spot,buy_and_hold,110.738227932465,31.543392347544586,0.4603277383640057,,False
24,spot,kelly_regime_v4,60.20898563775876,23.418453525319038,0.33251528350303766,,False
24,spot,vol-matched rebalanced c=0.353,32.60849444289815,12.068257683489684,0.16206481310367948,,False
24,spot,vol-matched static     c=0.293,32.442943554839275,14.176229194512965,0.18730162289492006,,False
24,spot,notional-matched reb.  c=0.283,25.99032336034348,9.660787772922532,0.13229321709444214,,False
24,spot,per-window matched hold,76.7974720050895,24.493199330015976,0.3438058013108315,0.723932645826637,False
24,futures,buy_and_hold,553.109146584754,53.07680924257764,0.9883172567167312,,False
24,futures,kelly_regime_v4,80.52861040431554,23.916491491159185,0.373798451493747,,False
24,futures,vol-matched rebalanced c=0.353,32.64677579957515,12.066478116605618,0.16206148807710988,,False
24,futures,vol-matched static     c=0.293,32.40884228932788,14.158036578481529,0.18704518584078547,,False
24,futures,notional-matched reb.  c=0.283,26.02533039229764,9.656674818462974,0.13229101102870658,,False
24,futures,per-window matched hold,89.08929113825306,25.718385267840517,0.37468524471689046,0.8138294342783399,False
25,spot,buy_and_hold,159.05537888446216,32.54338690406502,0.4738053126374988,,False
25,spot,kelly_regime_v4,112.42711290453889,23.4870511592121,0.3417769737181712,,False
25,spot,vol-matched rebalanced c=0.353,45.537753597678446,11.708562159318873,0.16912303943331516,,False
25,spot,vol-matched static     c=0.293,46.598403962082614,17.22945353667969,0.21022192792196162,,False
25,spot,notional-matched reb.  c=0.283,36.08473516010618,9.432259144043767,0.135178786215989,,False
25,spot,per-window matched hold,103.54456268011685,24.689637975919496,0.3463294799525847,0.7131957766109875,False
25,futures,buy_and_hold,794.3321599712262,66.96441479093977,1.1700387488653214,,False
25,futures,kelly_regime_v4,143.91867342560113,23.74484197111127,0.4068200523256288,,False
25,futures,vol-matched rebalanced c=0.353,45.59786815896316,11.700478920825171,0.16911766359369765,,False
25,futures,vol-matched static     c=0.293,46.54304825151525,17.21055229009632,0.2099574293277127,,False
25,futures,notional-matched reb.  c=0.283,36.14036025305056,9.42422396204739,0.13517541504327107,,False
25,futures,per-window matched hold,134.51268590969119,27.960452101806393,0.40585406356297227,0.8489498306909383,False
26,spot,buy_and_hold,15.417882310651375,71.79755707437967,0.8284951308625106,,False
26,spot,kelly_regime_v4,115.04189759806903,30.37420839953083,0.3455288535738056,,False
26,spot,vol-matched rebalanced c=0.353,19.814185304256803,31.4002712516117,0.2922573708990535,,False
26,spot,vol-matched static     c=0.293,4.516972096073912,33.08777874079462,0.25414429141757144,,False
26,spot,notional-matched reb.  c=0.283,17.523588578625482,26.112279067961474,0.23422210454061043,,False
26,spot,per-window matched hold,18.845082239724363,38.16206960474909,0.34557714770399606,0.41729022553074613,False
26,futures,buy_and_hold,-98.1954802135678,98.27947638667777,1.6913042957309057,,True
26,futures,kelly_regime_v4,149.4021900274395,29.142299466698002,0.3604967849206608,,False
26,futures,vol-matched rebalanced c=0.353,19.930869886548773,31.371297071001447,0.29225134759480914,,False
26,futures,vol-matched static     c=0.293,4.524801718638716,33.04619685898453,0.25374990478329096,,False
26,futures,notional-matched reb.  c=0.283,17.637205903612664,26.084380711428818,0.234217512146479,,False
26,futures,per-window matched hold,21.273058950983838,38.83532920061563,0.3620869241371084,0.43537550039390976,False
27,spot,buy_and_hold,-35.908267095791736,55.33441119943904,0.8619891070917078,,False
27,spot,kelly_regime_v4,4.525894906557104,23.136095278524497,0.27995225192328044,,False
27,spot,vol-matched rebalanced c=0.353,-8.046386329167465,22.174431704071253,0.304244563450538,,False
27,spot,vol-matched static     c=0.293,-10.520033635099646,17.718506097935123,0.2119800955085195,,False
27,spot,notional-matched reb.  c=0.283,-7.124130325809275,18.286040586133904,0.24356760994821203,,False
27,spot,per-window matched hold,-8.062231172828948,20.618703805683204,0.2794051715072434,0.3247766751820607,False
27,futures,buy_and_hold,-98.1954802135678,98.92925597611175,2.539062869660966,,True
27,futures,kelly_regime_v4,10.621239543734529,22.853257625250432,0.2857145126673831,,False
27,futures,vol-matched rebalanced c=0.353,-7.988059520910418,22.165419967596094,0.30423656372844543,,False
27,futures,vol-matched static     c=0.293,-10.48962592585141,17.6904397123084,0.2116118466670778,,False
27,futures,notional-matched reb.  c=0.283,-7.080221859578984,18.271127478466784,0.24355140484452745,,False
27,futures,per-window matched hold,-8.117765669384125,21.012406975379257,0.2860504383406896,0.33147011244167407,False
28,spot,buy_and_hold,124.99710266772874,70.564448051509,1.1425501225765367,,False
28,spot,kelly_regime_v4,76.10185318202834,30.674295304113187,0.37796698226173514,,False
28,spot,vol-matched rebalanced c=0.353,56.63029428775612,30.901930041024116,0.40403007380609435,,False
28,spot,vol-matched static     c=0.293,36.62036156873243,51.970376256361405,0.6369455910507216,,False
28,spot,notional-matched reb.  c=0.283,43.353627873807056,25.72552702533839,0.32242818411188373,,False
28,spot,per-window matched hold,52.712202567117814,29.38757071578016,0.37918738912292405,0.33050971909788407,False
28,futures,buy_and_hold,624.296471651949,80.04894344671094,1.9368763964437812,,False
28,futures,kelly_regime_v4,73.77641160674766,27.046833835884726,0.37854897811138066,,False
28,futures,vol-matched rebalanced c=0.353,56.81744333682557,30.87866801040211,0.4040234791323506,,False
28,futures,vol-matched static     c=0.293,36.57998790380077,51.93843521633558,0.636330007904073,,False
28,futures,notional-matched reb.  c=0.283,43.50548517601951,25.704688162690793,0.32242235933784835,,False
28,futures,per-window matched hold,51.081974364219754,29.80958483904456,0.37919923631481417,0.331024728232402,False
29,spot,buy_and_hold,64.77999791078055,63.02945191334414,0.7527345624959151,,False
29,spot,kelly_regime_v4,100.3716579202512,29.792404083095057,0.3618164265244448,,False
29,spot,vol-matched rebalanced c=0.353,28.94746926750131,28.327041046301503,0.2664451002702614,,False
29,spot,vol-matched static     c=0.293,18.978575465229387,22.634148233436672,0.2451362030193113,,False
29,spot,notional-matched reb.  c=0.283,23.40607311631735,22.88377507759916,0.21317045000829177,,False
29,spot,per-window matched hold,36.59636128287846,36.69920703053337,0.35899257933350864,0.47916475870156894,False
29,futures,buy_and_hold,-98.1954802135679,99.34641802441303,2.2706471192501216,,True
29,futures,kelly_regime_v4,131.07785166190286,27.528920849854714,0.38430570884483606,,False
29,futures,vol-matched rebalanced c=0.353,29.030831437472937,28.317512332380712,0.26643695343395063,,False
29,futures,vol-matched static     c=0.293,18.964690968621277,22.600343771390875,0.24477029671116968,,False
29,futures,notional-matched reb.  c=0.283,23.48233722580151,22.872135618712896,0.21316892177267316,,False
29,futures,per-window matched hold,38.47921940646388,38.412355416717645,0.3846510752849063,0.5089617885853147,False
30,spot,buy_and_hold,117.87029024820458,38.06206881622505,0.4625579643017497,,False
30,spot,kelly_regime_v4,100.52795798641263,23.88714943056077,0.32686517076444677,,False
30,spot,vol-matched rebalanced c=0.353,35.7256606138469,15.001475680041509,0.16377858248981658,,False
30,spot,vol-matched static     c=0.293,34.532421592001405,11.579471607465564,0.14732222477014842,,False
30,spot,notional-matched reb.  c=0.283,29.223262257525494,12.178507512805119,0.13051799790264776,,False
30,spot,per-window matched hold,82.30345162811818,27.78386982773234,0.32973829264431437,0.7044112665544945,False
30,futures,buy_and_hold,-98.19548021356786,98.58821743700737,1.734374319201479,,True
30,futures,kelly_regime_v4,143.78298672952047,26.36807788699941,0.39795666856667206,,False
30,futures,vol-matched rebalanced c=0.353,35.77694726213381,14.997212453253386,0.16377393759885428,,False
30,futures,vol-matched static     c=0.293,34.49518297207983,11.560699029483999,0.14709496210653691,,False
30,futures,notional-matched reb.  c=0.283,29.27530835857621,12.175180022141543,0.13051571320851302,,False
30,futures,per-window matched hold,101.21055533913119,32.89914718497528,0.39951242035944035,0.8576444007745697,False
31,spot,buy_and_hold,164.7297846280352,32.54338974882915,0.4858632820656963,,False
31,spot,kelly_regime_v4,153.8658290674004,23.908891097208706,0.34238427852311104,,False
31,spot,vol-matched rebalanced c=0.353,48.8585605911128,11.500455550159268,0.17234397088278344,,False
31,spot,vol-matched static     c=0.293,48.26083281509141,19.39573006677913,0.21862584282432876,,False
31,spot,notional-matched reb.  c=0.283,38.22157594195765,9.499113444936654,0.1374783324346089,,False
31,spot,per-window matched hold,106.8801660181388,23.968224030804752,0.342712695642305,0.7034060214218181,False
31,futures,buy_and_hold,-98.1954802135678,98.48115880134746,1.1841045025776171,,True
31,futures,kelly_regime_v4,232.6908912177875,26.78201500814199,0.4112064098148008,,False
31,futures,vol-matched rebalanced c=0.353,48.93660306219702,11.492235548104917,0.17234049462522144,,False
31,futures,vol-matched static     c=0.293,48.202980965105134,19.37745941082497,0.2183657004067727,,False
31,futures,notional-matched reb.  c=0.283,38.289149103333806,9.492455203931273,0.13747738260826045,,False
31,futures,per-window matched hold,137.48697718941466,28.945222111217074,0.4240166959465584,0.8448169593621909,False
32,spot,buy_and_hold,-27.6576910950974,52.39189553608911,0.4394237543014763,,False
32,spot,kelly_regime_v4,-8.821595911020975,28.035884560300655,0.22167799241287847,,False
32,spot,vol-matched rebalanced c=0.353,-9.286309440523222,22.078755086081426,0.15564842538121806,,False
32,spot,vol-matched static     c=0.293,-8.102864998008219,17.0763341720459,0.11124217407919468,,False
32,spot,notional-matched reb.  c=0.283,-7.622400693109088,18.100545636509814,0.12264929926915859,,False
32,spot,per-window matched hold,-14.086351092781758,30.369293262297752,0.21915437327502432,0.5027475148788476,False
32,futures,buy_and_hold,-98.19548021356783,99.0170808749403,1.9332619960836226,,True
32,futures,kelly_regime_v4,-9.999999999003673,32.57791877861984,0.27894366554477734,,False
32,futures,vol-matched rebalanced c=0.353,-9.261185709770746,22.07282133093563,0.15564094619610985,,False
32,futures,vol-matched static     c=0.293,-8.076086671097936,17.049512514962693,0.11105093752122844,,False
32,futures,notional-matched reb.  c=0.283,-7.622623659036865,18.097580952985933,0.12228179082254735,,False
32,futures,per-window matched hold,-16.726681300920998,36.579411543938214,0.2820356115196868,0.6326520933253218,False
33,spot,buy_and_hold,167.22672212574022,62.83131514334003,0.7767867273455126,,False
33,spot,kelly_regime_v4,106.56609432052426,18.115791307641572,0.41159600234439814,,False
33,spot,vol-matched rebalanced c=0.353,51.08204933119713,28.23318332509299,0.2739363390695908,,False
33,spot,vol-matched static     c=0.293,48.9923598027493,23.822987219789425,0.2550026925064378,,False
33,spot,notional-matched reb.  c=0.283,38.48588353397895,23.490486808095532,0.2200814853563164,,False
33,spot,per-window matched hold,81.36243913139157,39.82812777295027,0.417722099235338,0.5303521869800697,False
33,futures,buy_and_hold,-98.1954802135678,99.4642484190411,1.8285981835238307,,True
33,futures,kelly_regime_v4,154.6286638144799,16.443370228336374,0.4359343369801645,,False
33,futures,vol-matched rebalanced c=0.353,51.16640760548561,28.22714152243662,0.2739336731960006,,False
33,futures,vol-matched static     c=0.293,48.93340956389265,23.78851889116655,0.2546252823875595,,False
33,futures,notional-matched reb.  c=0.283,38.54987393926004,23.484014730204557,0.22007960095776863,,False
33,futures,per-window matched hold,86.32429159915137,41.46808119137771,0.43994463824126134,0.5617185782195929,False
34,spot,buy_and_hold,691.883887647422,62.83130799567471,0.8910837520028079,,False
34,spot,kelly_regime_v4,355.41879103364096,24.31687894399309,0.4211145378502586,,False
34,spot,vol-matched rebalanced c=0.353,144.01568651551432,28.218376081263486,0.3143202662780506,,False
34,spot,vol-matched static     c=0.293,202.70100337109866,42.246221820189525,0.4930427907919149,,False
34,spot,notional-matched reb.  c=0.283,105.82520663053931,23.46394657099297,0.25296577605998705,,False
34,spot,per-window matched hold,217.2313983767399,35.98350193627094,0.4231061621987973,0.473145144515567,False
34,futures,buy_and_hold,-98.19548021356783,99.2193765782271,1.14771584415501,,True
34,futures,kelly_regime_v4,480.050503398979,21.503033553163174,0.4359376590142983,,False
34,futures,vol-matched rebalanced c=0.353,143.9834814384789,28.212316570726514,0.31437520598654156,,False
34,futures,vol-matched static     c=0.293,202.41125937313038,42.22291381165623,0.49262348813324125,,False
34,futures,notional-matched reb.  c=0.283,106.03857731207454,23.45767595808296,0.25295555172661854,,False
34,futures,per-window matched hold,232.8587982244597,36.99617869823429,0.4367411195267562,0.4898097444487025,False
35,spot,buy_and_hold,50.74949958704096,29.949638687839002,0.7665088595348226,,False
35,spot,kelly_regime_v4,21.37491449203055,18.245307654801664,0.33902868364545724,,False
35,spot,vol-matched rebalanced c=0.353,17.935758248670595,11.272044520665418,0.2699290180052134,,False
35,spot,vol-matched static     c=0.293,14.868064816269456,8.86461327571348,0.23296509912997676,,False
35,spot,notional-matched reb.  c=0.283,15.239868715695849,9.176486252053556,0.21695529564398267,,False
35,spot,per-window matched hold,22.933913965392993,13.999933830766325,0.34079707475689014,0.4433160116058043,False
35,futures,buy_and_hold,-98.19548021356783,98.32208870938061,2.4432454629782057,,True
35,futures,kelly_regime_v4,22.085882712878814,18.12139818384908,0.34523143635540415,,False
35,futures,vol-matched rebalanced c=0.353,17.972406729406963,11.26767376942953,0.2699205813019683,,False
35,futures,vol-matched static     c=0.293,14.860352257572718,8.850072051032242,0.23259190827320675,,False
35,futures,notional-matched reb.  c=0.283,15.358379768198361,9.173200752691438,0.21690457449295963,,False
35,futures,per-window matched hold,23.450567053359684,14.241999536572319,0.3480969373324059,0.45144083584209815,False
36,spot,buy_and_hold,40.659704470444424,71.79755975965705,0.8196921703930506,,False
36,spot,kelly_regime_v4,127.14498712683326,30.39579845314384,0.3427455939441452,,False
36,spot,vol-matched rebalanced c=0.353,27.363882094957926,32.08096963874584,0.2891164213833106,,False
36,spot,vol-matched static     c=0.293,11.912060737467801,34.523836818613304,0.26521288548040556,,False
36,spot,notional-matched reb.  c=0.283,22.66271680662968,26.11227906796152,0.2318431512378264,,False
36,spot,per-window matched hold,30.10061912525426,37.50838074568289,0.3444982341699885,0.4182999413853616,False
36,futures,buy_and_hold,-98.19548021356782,98.79808896587693,1.4280896759943664,,True
36,futures,kelly_regime_v4,161.90252724353473,29.130247623580658,0.3569320193310444,,False
36,futures,vol-matched rebalanced c=0.353,27.483662457293057,32.05535055780586,0.289110013569424,,False
36,futures,vol-matched static     c=0.293,11.90878662333379,34.48205783195835,0.264811558675064,,False
36,futures,notional-matched reb.  c=0.283,22.771443542307267,26.08438071142881,0.23183923943330806,,False
36,futures,per-window matched hold,33.4219751148765,37.9712797726716,0.3593382076410086,0.43562291673925824,False
37,spot,buy_and_hold,-15.696127918065317,68.49415752998699,0.6492722466564577,,False
37,spot,kelly_regime_v4,57.94945671345937,27.660754863128282,0.2846352493891378,,False
37,spot,vol-matched rebalanced c=0.353,-1.6426197935669018,31.60718228807397,0.23011057573309804,,False
37,spot,vol-matched static     c=0.293,-4.598489623528101,21.82977548681716,0.13509115902129967,,False
37,spot,notional-matched reb.  c=0.283,-1.077059634589339,26.23551143537869,0.18284440170508345,,False
37,spot,per-window matched hold,-0.6687852203790201,36.87095822700403,0.2835851908940426,0.436405127018803,False
37,futures,buy_and_hold,-98.19548021356785,98.90391549571521,2.369466887481186,,True
37,futures,kelly_regime_v4,93.36197821364432,23.523209761676878,0.30079806492709527,,False
37,futures,vol-matched rebalanced c=0.353,-1.5972467781425137,31.59310497392384,0.23010146610776966,,False
37,futures,vol-matched static     c=0.293,-4.576973121504436,21.79512072591002,0.1348471293688001,,False
37,futures,notional-matched reb.  c=0.283,-1.0373969576183417,26.223413619931257,0.1828386961660364,,False
37,futures,per-window matched hold,-1.827397223635041,39.10031613969666,0.29964895441579914,0.46391946422921465,False
38,spot,buy_and_hold,-13.931207709590876,65.46741306978994,0.8867698535230373,,False
38,spot,kelly_regime_v4,19.51574385864232,22.977446297658783,0.317325612240041,,False
38,spot,vol-matched rebalanced c=0.353,7.51405804948948,28.139978113899204,0.3121694155356198,,False
38,spot,vol-matched static     c=0.293,-4.0814215091886545,33.12636818684769,0.33995521876689555,,False
38,spot,notional-matched reb.  c=0.283,7.937000978750541,23.716283258371483,0.2508047673291528,,False
38,spot,per-window matched hold,7.025275493950822,28.50472597591731,0.3172188124225755,0.35854956881209293,False
38,futures,buy_and_hold,-69.30207490148594,96.74664915779357,2.2590989602294265,,False
38,futures,kelly_regime_v4,32.189019606520986,20.4007659975903,0.31294160087209505,,False
38,futures,vol-matched rebalanced c=0.353,7.616392116479775,28.119945192974043,0.31216286327035336,,False
38,futures,vol-matched static     c=0.293,-4.060681385715048,33.08821999933477,0.3394743977487125,,False
38,futures,notional-matched reb.  c=0.283,8.039136625142174,23.70046582290599,0.25079437570196295,,False
38,futures,per-window matched hold,7.6128601520405015,28.166309728194967,0.3127268310395093,0.353603952711765,False
39,spot,buy_and_hold,88.0254864939339,53.45679815754366,0.7873565834878191,,False
39,spot,kelly_regime_v4,108.26817494618494,29.100386933941458,0.39730717174256114,,False
39,spot,vol-matched rebalanced c=0.353,33.89332539905472,20.560108749759348,0.2767911405015592,,False
39,spot,vol-matched static     c=0.293,25.788798891125598,32.041347741497155,0.3843011154333231,,False
39,spot,notional-matched reb.  c=0.283,27.253905217714426,16.548246221254267,0.22414471417120188,,False
39,spot,per-window matched hold,44.59950324778179,30.907264523663592,0.3986578444140321,0.5065612228877416,False
39,futures,buy_and_hold,439.7159554689643,68.65214116599279,1.3745314314598494,,False
39,futures,kelly_regime_v4,129.59588430468787,28.00211359857804,0.43029214866567594,,False
39,futures,vol-matched rebalanced c=0.353,33.9722837484322,20.54086892842528,0.27678177911999163,,False
39,futures,vol-matched static     c=0.293,25.76468883381795,32.01141814775729,0.3838534378158409,,False
39,futures,notional-matched reb.  c=0.283,27.325545524991135,16.52806483947454,0.22413894993681924,,False
39,futures,per-window matched hold,55.0919582619662,31.313366296651274,0.43633832108893267,0.5486321613590449,False
40,spot,buy_and_hold,107.05198150520418,31.380469187666648,0.4555779988614826,,False
40,spot,kelly_regime_v4,62.59897666519705,23.88925683790552,0.32157286213080166,,False
40,spot,vol-matched rebalanced c=0.353,34.04995711436698,11.949105647855268,0.1637311156508666,,False
40,spot,vol-matched static     c=0.293,31.362985106869658,10.482502048292263,0.1590239530682615,,False
40,spot,notional-matched reb.  c=0.283,26.29107305976859,9.353688016946927,0.12962778832474628,,False
40,spot,per-window matched hold,70.34110476626716,23.09018721538375,0.3240814599826852,0.6963847304590238,False
40,futures,buy_and_hold,534.705588971177,92.35128750685186,2.2495380550838884,,False
40,futures,kelly_regime_v4,98.49672682883582,26.54944243652541,0.39025298211697645,,False
40,futures,vol-matched rebalanced c=0.353,34.120440220644376,11.937866250633721,0.16372333112411652,,False
40,futures,vol-matched static     c=0.293,31.330505400589438,10.466235075834597,0.15878712123196279,,False
40,futures,notional-matched reb.  c=0.283,26.332193393761983,9.3494967169058,0.129625524249079,,False
40,futures,per-window matched hold,90.60139908902029,27.26695566382677,0.3972017877656594,0.8451353540058467,False
